# Pressure [MeV/fm^3],Energy Density [MeV/fm^3],Number Density [/fm^3]
1.063325754105065746e-09,9.483226366735681396e-06,1.019023678372860955e-08
1.090544362698745016e-09,9.663648475018651540e-06,1.038409257084555968e-08
1.118469670467933326e-09,9.847503345073651963e-06,1.058163620810734101e-08
1.147119875011274913e-09,1.003485629341642851e-05,1.078293785198899603e-08
1.176513397774619405e-09,1.022577387907879800e-05,1.098806899359978532e-08
1.206668942863624797e-09,1.042032392733659064e-05,1.119710248407283139e-08
1.237605591439534800e-09,1.061857555394407752e-05,1.141011256043779468e-08
1.269342941669028946e-09,1.082059918989935218e-05,1.162717487198570544e-08
1.301901306303614047e-09,1.102646660676885731e-05,1.184836650713537310e-08
1.335301981621309219e-09,1.123625094260187834e-05,1.207376602081089407e-08
1.369567369998195429e-09,1.145002672807899263e-05,1.230345346233997882e-08
1.404720336747262115e-09,1.166786991194995797e-05,1.253751040388299981e-08
1.440783919248354782e-09,1.188985788759330983e-05,1.277601996940286821e-08
1.477781347092256510e-09,1.211606952053684302e-05,1.301906686418603628e-08
1.515736093961250219e-09,1.234658517654243746e-05,1.326673740492508262e-08
1.554671972458752863e-09,1.258148675028844029e-05,1.351911955037358228e-08
1.594613284704168563e-09,1.282085769467899812e-05,1.377630293258414584e-08
1.635585044115189184e-09,1.306478305081394103e-05,1.403837888874072824e-08
1.677613287012530237e-09,1.331334947865779921e-05,1.430544049359649330e-08
1.720725485783008920e-09,1.356664528844051199e-05,1.457758259252877487e-08
1.764950491309636085e-09,1.382476047203077434e-05,1.485490183522286072e-08
1.810317513935624937e-09,1.408778673329985229e-05,1.513749670999656009e-08
1.856855892212377090e-09,1.435581752017192892e-05,1.542546757877777577e-08
1.904595131111174296e-09,1.462894805786134523e-05,1.571891671274744046e-08
1.953564986954114316e-09,1.490727538283147744e-05,1.601794832866053764e-08
2.003795619028129759e-09,1.519089837751294711e-05,1.632266862585808307e-08
2.055317827290841573e-09,1.547991780582750197e-05,1.663318582398319572e-08
2.108163399631803024e-09,1.577443634957135903e-05,1.694961020141468173e-08
2.162365596712823633e-09,1.607455864572013981e-05,1.727205413443176005e-08
2.217959740470088955e-09,1.638039132460575496e-05,1.760063213712382959e-08
2.274982653605485027e-09,1.669204304677349111e-05,1.793546090205951542e-08
2.333471329046171147e-09,1.700962453931502842e-05,1.827665934172932074e-08
2.393462833030133104e-09,1.733324863506833252e-05,1.862434863077672425e-08
2.454994363235134811e-09,1.766303031278941519e-05,1.897865224903265188e-08
2.518103377745585397e-09,1.799908673820519218e-05,1.933969602536862569e-08
2.582827820620395872e-09,1.834153730600602587e-05,1.970760818238413770e-08
2.649206471662955205e-09,1.869050368283933558e-05,2.008251938194417675e-08
2.717279453687797590e-09,1.904610985137555483e-05,2.046456277158303182e-08
2.787088937101726609e-09,1.940848215552938409e-05,2.085387403179084606e-08
2.858679846560237510e-09,1.977774934657556104e-05,2.125059142419979578e-08
2.932098511053271013e-09,2.015404262678923133e-05,2.165485584068684848e-08
3.007391155585473649e-09,2.053749569323325236e-05,2.206681085341074865e-08
3.084603858726689562e-09,2.092824478507211209e-05,2.248660276580079385e-08
3.163782638806156879e-09,2.132642873213321552e-05,2.291438066451567871e-08
3.244973650974985524e-09,2.173218900460063740e-05,2.335029647239072702e-08
3.328223528987274627e-09,2.214566976392448575e-05,2.379450500239243797e-08
3.413579911822820616e-09,2.256701791504225844e-05,2.424716401259937819e-08
3.501092203341725956e-09,2.299638316002595274e-05,2.470843426222908011e-08
3.590812621278412619e-09,2.343391805328625177e-05,2.517847956873070628e-08
3.682796781041586104e-09,2.387977805690146208e-05,2.565746686596389114e-08
3.777101026576904065e-09,2.433412159089797886e-05,2.614556626348432731e-08
3.873781142830357644e-09,2.479711008735082240e-05,2.664295110695717629e-08
3.972892418494238819e-09,2.526890804794296248e-05,2.714979803971979362e-08
4.074489803870251111e-09,2.574968310275842063e-05,2.766628706551554989e-08
4.178628244882074249e-09,2.623960607050250789e-05,2.819260161242116092e-08
4.285363248100272994e-09,2.673885102026417741e-05,2.872892859799005941e-08
4.394751743517361641e-09,2.724759533495553620e-05,2.927545849563511482e-08
4.506853325456349990e-09,2.776601977658608110e-05,2.983238540227411719e-08
4.621731948419952396e-09,2.829430855352531066e-05,3.039990710726221175e-08
4.739456324201134355e-09,2.883264938670246653e-05,3.097822516263562325e-08
4.860096644053925041e-09,2.938123356970500174e-05,3.156754495469167070e-08
4.983724238329828147e-09,2.994025603484927827e-05,3.216807577693055634e-08
5.110412505642891211e-09,3.050991542300866222e-05,3.278003090438470374e-08
5.240238071088771907e-09,3.109041415492969996e-05,3.340362766936216447e-08
5.373282128563419357e-09,3.168195850405991943e-05,3.403908753863091389e-08
5.509631844723073556e-09,3.228475867092876468e-05,3.468663619207147848e-08
5.649381693505720546e-09,3.289902885921776814e-05,3.534650360282588659e-08
5.792634664555683327e-09,3.352498735381546680e-05,3.601892411897121902e-08
5.939503306859427728e-09,3.416285660105068044e-05,3.670413654674702158e-08
6.090106918847878962e-09,3.481286328368722995e-05,3.740238423536590167e-08
6.244565205942050478e-09,3.547523839063021554e-05,3.811391516343766977e-08
6.402996435577965421e-09,3.615021729740149900e-05,3.883898202703741951e-08
6.565516571647910986e-09,3.683803985007710441e-05,3.957784232944910529e-08
6.732239103196101428e-09,3.753895045169210724e-05,4.033075847261634769e-08
6.903275633055713896e-09,3.825319815117234464e-05,4.109799785033294545e-08
7.078737205389495113e-09,3.898103673485602043e-05,4.187983294320621408e-08
7.258736351848976324e-09,3.972272482076124190e-05,4.267654141542692006e-08
7.443389881457652465e-09,4.047852595586274611e-05,4.348840621338006909e-08
7.632821924557765574e-09,4.124870871550012706e-05,4.431571566613173993e-08
7.827160584917619953e-09,4.203354679093083382e-05,4.515876358782739374e-08
8.026532957853370714e-09,4.283331907556209550e-05,4.601784938203828635e-08
8.231065241746881050e-09,4.364830976388224168e-05,4.689327814809294196e-08
8.440883176431412571e-09,4.447880845296440106e-05,4.778536078943137464e-08
8.656112783430810773e-09,4.532511024657336258e-05,4.869441412402063723e-08
8.876881533426175944e-09,4.618751586215848122e-05,4.962076099687091274e-08
9.103320084916748634e-09,4.706633174105289482e-05,5.056473039469198522e-08
9.335564763587433593e-09,4.796187016225570381e-05,5.152665756273102559e-08
9.573760982945461593e-09,4.887444936024005115e-05,5.250688412383296542e-08
9.818065883317540651e-09,4.980439364349781598e-05,5.350575819976584353e-08
1.006864061493942974e-08,5.075203349406438570e-05,5.452363453485426429e-08
1.032564552440285917e-08,5.171770567386022049e-05,5.556087462196474893e-08
1.058924035539631894e-08,5.270175334444322622e-05,5.661784683088786569e-08
1.085958466678070380e-08,5.370452618978766414e-05,5.769492653916258771e-08
1.113683873527261973e-08,5.472638054245124661e-05,5.879249626538945194e-08
1.142116509101173289e-08,5.576767951349860704e-05,5.991094580507984074e-08
1.171273086614534774e-08,5.682879312662008346e-05,6.105067236908958731e-08
1.201171117189334665e-08,5.791009845696672723e-05,6.221208072468606626e-08
1.231829374095576106e-08,5.901197977527314879e-05,6.339558333929895572e-08
1.263268021025593481e-08,6.013482868737659020e-05,6.460160052700569181e-08
1.295507429573859517e-08,6.127904424746961442e-05,6.583056059780348927e-08
1.328567791459358082e-08,6.244503309092334182e-05,6.708290000972125200e-08
1.362469143660235876e-08,6.363320957934170681e-05,6.835906352382497441e-08
1.397231436177978424e-08,6.484399594924194392e-05,6.965950436217218083e-08
1.432874960446395467e-08,6.607782246488383448e-05,7.098468436877105528e-08
1.469420700337511749e-08,6.733512757596432402e-05,7.233507417360160877e-08
1.506890345309753725e-08,6.861635808110928749e-05,7.371115335975724962e-08
1.545306752079333485e-08,6.992196929745973029e-05,7.511341063376591712e-08
1.584694584069234173e-08,7.125242523678572675e-05,7.654234399915131458e-08
1.625080070020070584e-08,7.260819876465213728e-05,7.799846093329604894e-08
1.666489451220991554e-08,7.398977173327388299e-05,7.948227856766923821e-08
1.708948779865250460e-08,7.539763514823040697e-05,8.099432387148270970e-08
1.752483971202160108e-08,7.683228934394959635e-05,8.253513383884114299e-08
1.797120913890400628e-08,7.829424416379643305e-05,8.410525567945229244e-08
1.842885673297454407e-08,7.978401914561831197e-05,8.570524701296542229e-08
1.889804814968066148e-08,8.130214371342099405e-05,8.733567606700669654e-08
1.937905881234035012e-08,8.284915737597858777e-05,8.899712187898180081e-08
1.987218060510762740e-08,8.442560993333203664e-05,9.069017450171787330e-08
2.037772981796806901e-08,8.603206168993414546e-05,9.241543521301716638e-08
2.089603800560576944e-08,8.766908363459030519e-05,9.417351672919757298e-08
2.142743467459906860e-08,8.933725760262364185e-05,9.596504342269505997e-08
2.197224669369341027e-08,9.103717647960079249e-05,9.779065154380606751e-08
2.253079902148648344e-08,9.276944441342736955e-05,9.965098944664796062e-08
2.310341636881780772e-08,9.453467703271405749e-05,1.015467178194183448e-07
2.369042613691234345e-08,9.633350167230027349e-05,1.034785099190346541e-07
2.429216299772959014e-08,9.816655760691694725e-05,1.054470518102372579e-07
2.490897555791506254e-08,1.000344962941639799e-04,1.074530426092416123e-07
2.554123563544218044e-08,1.019379816282041065e-04,1.094971947320251496e-07
2.618934685033614569e-08,1.038776901962997255e-04,1.115802341473377406e-07
2.685372510676382957e-08,1.058543114718864161e-04,1.137029006345252223e-07
2.753478228754343072e-08,1.078685480201194824e-04,1.158659480462577894e-07
2.823292679520347932e-08,1.099211157485274689e-04,1.180701445762564365e-07
2.894856473343467532e-08,1.120127441638415892e-04,1.203162730321123305e-07
2.968210241724105810e-08,1.141441766368378165e-04,1.226051311132965897e-07
3.043395061185940810e-08,1.163161706762606839e-04,1.249375316944583810e-07
3.120453098202154029e-08,1.185294982131080739e-04,1.273143031141128726e-07
3.199428532982565311e-08,1.207849458968013703e-04,1.297362894688206733e-07
3.280368829956225472e-08,1.230833154050288501e-04,1.322043509129639102e-07
3.363325377120413456e-08,1.254254237443831689e-04,1.347193639642250080e-07
3.448350361740807575e-08,1.278121034650807027e-04,1.372822218148768293e-07
3.535495486307615477e-08,1.302442029227698233e-04,1.398938346489948196e-07
3.624812095877747759e-08,1.327225865816840172e-04,1.425551299657034673e-07
3.716351389638878424e-08,1.352481353258910943e-04,1.452670529085724086e-07
3.810164814926419852e-08,1.378217467808729737e-04,1.480305666012784586e-07
3.906304695745092337e-08,1.404443356469064130e-04,1.508466524896535562e-07
4.004825158605479017e-08,1.431168340460062130e-04,1.537163106902394570e-07
4.105783431078922236e-08,1.458401918845376099e-04,1.566405603454733443e-07
4.209241572440550652e-08,1.486153772332513359e-04,1.596204399856303546e-07
4.315266338857095591e-08,1.514433766678669748e-04,1.626570078976515543e-07
4.423924977067816799e-08,1.543251955113775925e-04,1.657513425009883929e-07
4.535284494261812630e-08,1.572618581684539531e-04,1.689045427305970941e-07
4.649411849552231817e-08,1.602544084919020617e-04,1.721177284272191449e-07
4.766374271014976904e-08,1.633039101596318301e-04,1.753920407350859753e-07
4.886239802895253131e-08,1.664114470649583934e-04,1.787286425071899717e-07
5.009078150529027315e-08,1.695781237222941369e-04,1.821287187182648400e-07
5.134961906245190551e-08,1.728050656907037139e-04,1.855934768856223845e-07
5.263968257897555196e-08,1.760934200182761504e-04,1.891241474979954955e-07
5.396181122055620892e-08,1.794443557059419267e-04,1.927219844525388846e-07
5.531689410689365633e-08,1.828590640764167312e-04,1.963882655001434744e-07
5.670582080934226466e-08,1.863387590670597543e-04,2.001242926992222301e-07
5.812947780912536456e-08,1.898846776527257087e-04,2.039313928781285531e-07
5.958874992272050384e-08,1.934980802894330438e-04,2.078109181063716159e-07
6.108452385232435963e-08,1.971802513722409811e-04,2.117642461747961627e-07
6.261769487621156503e-08,2.009324997101126649e-04,2.157927810848968203e-07
6.418917764794253825e-08,2.047561590203852955e-04,2.198979535474411423e-07
6.579992228083299466e-08,2.086525884459868778e-04,2.240812214905779920e-07
6.745093712353689270e-08,2.126231730991530943e-04,2.283440705776125841e-07
6.914331298817201505e-08,2.166693246190329704e-04,2.326880147346309042e-07
7.087817996688007103e-08,2.207924815657697469e-04,2.371145966881620775e-07
7.265665719864182564e-08,2.249941097939501980e-04,2.416253885130682637e-07
7.447985264457883303e-08,2.292757029704629575e-04,2.462219921908585097e-07
7.634886500734241669e-08,2.336387831119176130e-04,2.509060401786225161e-07
7.826478890408974001e-08,2.380849011413843652e-04,2.556791959887887966e-07
8.022872434700838279e-08,2.426156374675723340e-04,2.605431547799111798e-07
8.224179276975205936e-08,2.472326025900594012e-04,2.654996439586947236e-07
8.430519737802484812e-08,2.519374377327695570e-04,2.705504237934740447e-07
8.642027135227002372e-08,2.567318155135777887e-04,2.756972880393622790e-07
8.858845742256276977e-08,2.616174406023414082e-04,2.809420645752931799e-07
9.081122800412725893e-08,2.665960501149161979e-04,2.862866160531810806e-07
9.309004336757526019e-08,2.716694141147317000e-04,2.917328405594315502e-07
9.542635395890288519e-08,2.768393362477947141e-04,2.972826722890353064e-07
9.782160438525487727e-08,2.821076543940236980e-04,3.029380822324865778e-07
1.002772419891665640e-07,2.874762413432095198e-04,3.087010788757686965e-07
1.027947314090091338e-07,2.929470054996601881e-04,3.145737089136564771e-07
1.053755768208626870e-07,2.985218916204115057e-04,3.205580579765878533e-07
1.080213539194019153e-07,3.042028815928607237e-04,3.266562513713633788e-07
1.107337538124306668e-07,3.099919952580091655e-04,3.328704548359366515e-07
1.135145920002754677e-07,3.158912911504319445e-04,3.392028753085634816e-07
1.163656987006123844e-07,3.219028669244667251e-04,3.456557617115832882e-07
1.192888885074308839e-07,3.280288600138149481e-04,3.522314057501107119e-07
1.222859639492427839e-07,3.342714483994895479e-04,3.589321427259214631e-07
1.253587221601510093e-07,3.406328514007482436e-04,3.657603523668212437e-07
1.285089677747618617e-07,3.471153304977184391e-04,3.727184596717919817e-07
1.317385339313085558e-07,3.537211901910422606e-04,3.798089357722163921e-07
1.350493136567909398e-07,3.604527789049402587e-04,3.870342988094855308e-07
1.384433043753339394e-07,3.673124899413535561e-04,3.943971148293030102e-07
1.419226660977184315e-07,3.743027624872569494e-04,4.018999986929999644e-07
1.454896937309533412e-07,3.814260824100486509e-04,4.095456150061889386e-07
1.491466783916167913e-07,3.886849827533182659e-04,4.173366790650821739e-07
1.528958927133178646e-07,3.960820445838918289e-04,4.252759578208141595e-07
1.567395951719200531e-07,4.036198979193943008e-04,4.333662708621077424e-07
1.606800396914570718e-07,4.113012226889177459e-04,4.416104914166346249e-07
1.647194936453864268e-07,4.191287497353882500e-04,4.500115473714257384e-07
1.688602667493057832e-07,4.271052618670359200e-04,4.585724223126933370e-07
1.731047538587395692e-07,4.352335949668654190e-04,4.672961565854337974e-07
1.774554952940018459e-07,4.435166391707766093e-04,4.761858483731892213e-07
1.819152470582290623e-07,4.519573400925312951e-04,4.852446547983485811e-07
1.864868904283758410e-07,4.605586996078907887e-04,4.944757930433823313e-07
1.911732824657745813e-07,4.693237764966789191e-04,5.038825414934050981e-07
1.959772531940636654e-07,4.782556875230100073e-04,5.134682409004753524e-07
2.009016114810496510e-07,4.873576085585071922e-04,5.232362955700447816e-07
2.059491591765175447e-07,4.966327757498390384e-04,5.331901745699763792e-07
2.111227164419459314e-07,5.060844867393405255e-04,5.433334129625653010e-07
2.164251614770579117e-07,5.157161019482540314e-04,5.536696130599940530e-07
2.218594884920811685e-07,5.255310459340476695e-04,5.642024457036736912e-07
2.274288885256733936e-07,5.355328088354880832e-04,5.749356515679219710e-07
2.331368205457640941e-07,5.457249478161464587e-04,5.858730424884413519e-07
2.389868318337427789e-07,5.561110878263784149e-04,5.970185028160709820e-07
2.449824198979297285e-07,5.666949224912635726e-04,6.083759907962909202e-07
2.511270356000704766e-07,5.774802154292147304e-04,6.199495399749701912e-07
2.574240914222253856e-07,5.884708016136839690e-04,6.317432606308572595e-07
2.638769813361495895e-07,5.996705887937696638e-04,6.437613412353211410e-07
2.704891157975333489e-07,6.110835589845041958e-04,6.560080499398634431e-07
2.772639760943085485e-07,6.227137700397723970e-04,6.684877360919270221e-07
2.842051930984519710e-07,6.345653573233736014e-04,6.812048317795419840e-07
2.913166562198381736e-07,6.466425354961636944e-04,6.941638534053548340e-07
2.986025577692608155e-07,6.589496001480404583e-04,7.073694032906041586e-07
3.060671106566960536e-07,6.714909285076562425e-04,7.208261713096071755e-07
3.137144461237540571e-07,6.842709806879871499e-04,7.345389365553419218e-07
3.215486244203701190e-07,6.972943012923726652e-04,7.485125690367141918e-07
3.295736536698358473e-07,7.105655210711558662e-04,7.627520314081124182e-07
3.377935267754968210e-07,7.240893586555990609e-04,7.772623807318666063e-07
3.462122817012976369e-07,7.378706223836599713e-04,7.920487702742341034e-07
3.548340915281218385e-07,7.519142122351563269e-04,8.071164513355509712e-07
3.636633918968929404e-07,7.662251218972838691e-04,8.224707751152036122e-07
3.727050515605944634e-07,7.808084409758540541e-04,8.381171946120728656e-07
3.819643820896184955e-07,7.956693567451675201e-04,8.540612665611376215e-07
3.914468007182226488e-07,8.108131549182115774e-04,8.703086534069149454e-07
4.011574500383973680e-07,8.262452211510056856e-04,8.868651253144457857e-07
4.111011233427592598e-07,8.419710429500965564e-04,9.037365622185348054e-07
4.212824468513591713e-07,8.579962117820283049e-04,9.209289559119753301e-07
4.317059049705987592e-07,8.743264251794878941e-04,9.384484121734993989e-07
4.423758825382304755e-07,8.909674889604951359e-04,9.563011529362100617e-07
4.532967347411944604e-07,9.079253195852349766e-04,9.744935184972648160e-07
4.644728915475692475e-07,9.252059466765135635e-04,9.930319697695945362e-07
4.759089869406199291e-07,9.428155156799175552e-04,1.011923090576459823e-06
4.876096364487959733e-07,9.607602895140542878e-04,1.031173589989657822e-06
4.995789511234651475e-07,9.790466495179402096e-04,1.050790304712209382e-06
5.118204142977680330e-07,9.976810976102135770e-04,1.070780201506374982e-06
5.243367697207687910e-07,1.016670258592110515e-03,1.091150379667859563e-06
5.371298937252418138e-07,1.036020882542825622e-03,1.111908073547086146e-06
5.502006494997672946e-07,1.055739847332169256e-03,1.133060655118433314e-06
5.635487191271887724e-07,1.075834161276616966e-03,1.154615636598349894e-06
5.771724086316840577e-07,1.096310965973738361e-03,1.176580673113272840e-06
5.910684225816089839e-07,1.117177539363733811e-03,1.198963565418303779e-06
6.052314971080069227e-07,1.138441298883323058e-03,1.221772262667600308e-06
6.196530632179248090e-07,1.160109802921232202e-03,1.245014865237471585e-06
6.343200696624770317e-07,1.182190752451211645e-03,1.268699627603180257e-06
6.492141660711165677e-07,1.204691994346958860e-03,1.292834961270471609e-06
6.643110225647171826e-07,1.227621525492310177e-03,1.317429437762871153e-06
6.795806240371658353e-07,1.250987498249306242e-03,1.342491791665811133e-06
6.949901750365338589e-07,1.274798227761358115e-03,1.368030923728667625e-06
7.105120209039278290e-07,1.299062200082208096e-03,1.394055904025809354e-06
7.261356857599672580e-07,1.323788074576575388e-03,1.420575975177784582e-06
7.417479694568592630e-07,1.348984658511379877e-03,1.447600555633779823e-06
7.566276129431781610e-07,1.374660937905020563e-03,1.475139243016531985e-06
7.709030729768175863e-07,1.400826419652416747e-03,1.503201817530863911e-06
7.875581447671311481e-07,1.427490307780509855e-03,1.531798245437071309e-06
8.057649855760798272e-07,1.454661770897601718e-03,1.560938682590378877e-06
8.249032724997824125e-07,1.482350460921348298e-03,1.590633478047735773e-06
8.447747592357417283e-07,1.510566236929845180e-03,1.620893177743220948e-06
8.653012132635068202e-07,1.539319142811938854e-03,1.651728528233372547e-06
8.864483751718113506e-07,1.568619411211573953e-03,1.683150480513763362e-06
9.082019926063687244e-07,1.598477468865374534e-03,1.715170193908183522e-06
9.305586633799456381e-07,1.628903942002862988e-03,1.747799040031810248e-06
9.535216136043990947e-07,1.659909660545095828e-03,1.781048606829770736e-06
9.770976768020207378e-07,1.691505659341143147e-03,1.814930702692532621e-06
1.001295790480389893e-06,1.723703181597674439e-03,1.849457360649585912e-06
1.026126311334418616e-06,1.756513683043895444e-03,1.884640842642903993e-06
1.051600630154395659e-06,1.789948836217573024e-03,1.920493643881699882e-06
1.077731098464398534e-06,1.824020534963871577e-03,1.957028497280029512e-06
1.104531722488829336e-06,1.858740899182730229e-03,1.994258377978808199e-06
1.132017534806263554e-06,1.894122279978241365e-03,2.032196507953860671e-06
1.160204387271061613e-06,1.930177265193459141e-03,2.070856360711626294e-06
1.189109407704649996e-06,1.966918685335771865e-03,2.110251666074197699e-06
1.218750786646907514e-06,2.004359617315570451e-03,2.150396415055387489e-06
1.249146771451526131e-06,2.042513385622062635e-03,2.191304864829553949e-06
1.280315572214208277e-06,2.081393566706347172e-03,2.232991543794956910e-06
1.312275400377076448e-06,2.121013993902304360e-03,2.275471256733430566e-06
1.345044545141325702e-06,2.161388762580130751e-03,2.318759090068217254e-06
1.378641511212910563e-06,2.202532235608597837e-03,2.362870417221822694e-06
1.413085237924765786e-06,2.244459049190371692e-03,2.407820904075798511e-06
1.448395423585960233e-06,2.287184119147614783e-03,2.453626514534387940e-06
1.484592983571269727e-06,2.330722647750283014e-03,2.500303516194014231e-06
1.521700576274024845e-06,2.375090130853700545e-03,2.547868486120622598e-06
1.559741893363359877e-06,2.420302360930225855e-03,2.596338316736928934e-06
1.598740566112847258e-06,2.466375429025838110e-03,2.645730221821667880e-06
1.638720147599205086e-06,2.513325730439797037e-03,2.696061742622961216e-06
1.679704160095901324e-06,2.561169970693530189e-03,2.747350754087995741e-06
1.721716207724128460e-06,2.609925171823041391e-03,2.799615471211203173e-06
1.764780177335501926e-06,2.659608679070385364e-03,2.852874455503210855e-06
1.808920553770500842e-06,2.710238168058753776e-03,2.907146621582854919e-06
1.854162881241440703e-06,2.761831652552785427e-03,2.962451243894596670e-06
1.900534409211852090e-06,2.814407492925819192e-03,3.018807963553728718e-06
1.948064654872313423e-06,2.867984404423549842e-03,3.076236795321806495e-06
1.996784009605394354e-06,2.922581459144016694e-03,3.134758134714769601e-06
2.046722677665390354e-06,2.978218089506537089e-03,3.194392765246292382e-06
2.097910703461828441e-06,3.034914095263875448e-03,3.255161865808931951e-06
2.150378057193941437e-06,3.092689650774332888e-03,3.317087018195683346e-06
2.204154815967900840e-06,3.151565312704274636e-03,3.380190214764630747e-06
2.259271469385995312e-06,3.211562028254380009e-03,3.444493866249404824e-06
2.315759384764054603e-06,3.272701144022245340e-03,3.510020809718225762e-06
2.373651474395665371e-06,3.335004415636692084e-03,3.576794316684353839e-06
2.432983113417748902e-06,3.398494018318061645e-03,3.644838101370834266e-06
2.493792489803872299e-06,3.463192555758966545e-03,3.714176329132462772e-06
2.556118312646753608e-06,3.529123060923590287e-03,3.784833625037972128e-06
2.619999009078944755e-06,3.596309001815633372e-03,3.856835082615483851e-06
2.685472802174155240e-06,3.664774290027529753e-03,3.930206272764327766e-06
2.752577849424347546e-06,3.734543289610941889e-03,4.004973252836396483e-06
2.821352510971567643e-06,3.805640826505526670e-03,4.081162575890267489e-06
2.891835786006938893e-06,3.878092198648402933e-03,4.158801300121361135e-06
2.964067963848323046e-06,3.951923186911976763e-03,4.237916998471505703e-06
3.038091545767241499e-06,4.027160067047421549e-03,4.318537768421308285e-06
3.113952470552901942e-06,4.103829622744135583e-03,4.400692241968807675e-06
3.191699801549966097e-06,4.181959154248689192e-03,4.484409595797966842e-06
3.271382709836991360e-06,4.261576478719440383e-03,4.569719561640599764e-06
3.353050035910556441e-06,4.342709938541154668e-03,4.656652436835421469e-06
3.436750395464414629e-06,4.425388411656385780e-03,4.745239095087977870e-06
3.522532385199839425e-06,4.509641322419439234e-03,4.835510997435256869e-06
3.610444960100313498e-06,4.595498653192418501e-03,4.927500203418898278e-06
3.700538032437354745e-06,4.682990956847899247e-03,5.021239382470945465e-06
3.792863353405101637e-06,4.772149370376421208e-03,5.116761825516216378e-06
3.887475750807080906e-06,4.863005629836521584e-03,5.214101456795370678e-06
3.984434636896223737e-06,4.955592086371921751e-03,5.313292845912911574e-06
4.083802491976857274e-06,5.049941712809082224e-03,5.414371220114381200e-06
4.185641488415133325e-06,5.146088104761649927e-03,5.517372476797112637e-06
4.290013342547523704e-06,5.244065492159644647e-03,5.622333196258976168e-06
4.396979439086466876e-06,5.343908751779221852e-03,5.729290654689666630e-06
4.506601118509486301e-06,5.445653420518181860e-03,5.838282837409121115e-06
4.618940193360080851e-06,5.549335709631262464e-03,5.949348452357786660e-06
4.734059759989406851e-06,5.654992520140479477e-03,6.062526943843519441e-06
4.852025385934904522e-06,5.762661459680159040e-03,6.177858506550002004e-06
4.972906824245937332e-06,5.872380861053189648e-03,6.295384099811653150e-06
5.096781327485979838e-06,5.984189800003729930e-03,6.415145462160092355e-06
5.223730676205577816e-06,6.098128098476721104e-03,6.537185126147344242e-06
5.353836117868527182e-06,6.214236329707384376e-03,6.661546433451022031e-06
5.487178307584533980e-06,6.332555832864411247e-03,6.788273550266873675e-06
5.623837477434586081e-06,6.453128728313935018e-03,6.917411482994149841e-06
5.763893847090650535e-06,6.575997933907276258e-03,7.049006094219367193e-06
5.907428349913812812e-06,6.701207182530706519e-03,7.183104119004133632e-06
6.054523763381762963e-06,6.828801041202467448e-03,7.319753181482840213e-06
6.205266350881696737e-06,6.958824932060307146e-03,7.459001811776095605e-06
6.359748142356221193e-06,7.091325155648365609e-03,7.600899463225911098e-06
6.518068295506813887e-06,7.226348911614837063e-03,7.745496529958772059e-06
6.680327495105127499e-06,7.363944297730657708e-03,7.892844364782819851e-06
6.846625320380742331e-06,7.504160318505713294e-03,8.042995297425496092e-06
7.017060413810954835e-06,7.647046903073649940e-03,8.196002653118151943e-06
7.191730774216645762e-06,7.792654923830797005e-03,8.351920771534188624e-06
7.370734367837615898e-06,7.941036216432467709e-03,8.510805026087471528e-06
7.554170153268569655e-06,8.092243601460522712e-03,8.672711843597887381e-06
7.742139635717556180e-06,8.246330908141245863e-03,8.837698724330995200e-06
7.934749088510395588e-06,8.403353000569286496e-03,9.005824262418911526e-06
8.132112569598861393e-06,8.563365806864798799e-03,9.177148166669677167e-06
8.334351950748164470e-06,8.726426339205511570e-03,9.351731281772493245e-06
8.541589054965349883e-06,8.892592689250430546e-03,9.529635609906358387e-06
8.753943843293268283e-06,9.061924043324804529e-03,9.710924332759777777e-06
8.971534553589931209e-06,9.234480704122147512e-03,9.895661833969389301e-06
9.194478042139538076e-06,9.410324113491828207e-03,1.008391372198541805e-05
9.422890530881928352e-06,9.589516876995333311e-03,1.027574685337214833e-05
9.656888878126884183e-06,9.772122790646564985e-03,1.047122935655163781e-05
9.896592512349525796e-06,9.958206870337922220e-03,1.067043065599913409e-05
1.014212619241521131e-05,1.014783538455515076e-02,1.087342149689878242e-05
1.039362352724082609e-05,1.034107589029158690e-02,1.108027397026833564e-05
1.065122388730748367e-05,1.053799724879194918e-02,1.129106153856190579e-05
1.091506259783673775e-05,1.073866962027579877e-02,1.150585906175968677e-05
1.118526950861968614e-05,1.094316448612140356e-02,1.172474282395407056e-05
1.146196848121689721e-05,1.115155467510593745e-02,1.194779056044148103e-05
1.174527704204557329e-05,1.136391439134772606e-02,1.217508148532962730e-05
1.203530631424207569e-05,1.158031924456154500e-02,1.240669631966991077e-05
1.233216128321393142e-05,1.180084628316334892e-02,1.264271732012506889e-05
1.263594143716738290e-05,1.202557403086976923e-02,1.288322830818212854e-05
1.294674179626870051e-05,1.225458252756671425e-02,1.312831469992112314e-05
1.326465331375916913e-05,1.248795337211436665e-02,1.337806353635012419e-05
1.358975086128108306e-05,1.272576972865481319e-02,1.363256351431734950e-05
1.392207784021572675e-05,1.296811632514762239e-02,1.389190501801132411e-05
1.426163897444332613e-05,1.321507948299612857e-02,1.415618015106030513e-05
1.460839359875380049e-05,1.346674714905646969e-02,1.442548276924235292e-05
1.496225341650696985e-05,1.372320893052857496e-02,1.469990851381766836e-05
1.532309567848725367e-05,1.398455613371419985e-02,1.497955484549501718e-05
1.569079731493024544e-05,1.425088180690068339e-02,1.526452107904434900e-05
1.606476349920170794e-05,1.452228076964013140e-02,1.555490841856784387e-05
1.644317438215323334e-05,1.479884966228357975e-02,1.585081999344198171e-05
1.682141516116548974e-05,1.508068705186892816e-02,1.615236089494333842e-05
1.717791612676259789e-05,1.536789404982290275e-02,1.645963821357111911e-05
1.732447512321819947e-05,1.566060761413859415e-02,1.677276107707974720e-05
1.770370701012506634e-05,1.595887236404147647e-02,1.709184068923495518e-05
1.810730055926781685e-05,1.626281573873956943e-02,1.741699036930714300e-05
1.852655612831412374e-05,1.657254800883612225e-02,1.774832559231605812e-05
1.896156254918279083e-05,1.688817972655931587e-02,1.808596403004109497e-05
1.941155898143760852e-05,1.720982352937831458e-02,1.843002559281172546e-05
1.987566988585342471e-05,1.753759419376552803e-02,1.878063247209297486e-05
2.035334543062632947e-05,1.787160866052468766e-02,1.913790918388098302e-05
2.084430353724959782e-05,1.821198609864676382e-02,1.950198261292415174e-05
2.134842283314853289e-05,1.855884790030630505e-02,1.987298205778554827e-05
2.186567380881250915e-05,1.891231771380789614e-02,2.025103927676250278e-05
2.239607773950066211e-05,1.927252149464919392e-02,2.063628853467980854e-05
2.293967915017278784e-05,1.963958755611392229e-02,2.102886665057311297e-05
2.349652575967785273e-05,2.001364662207587297e-02,2.142891304627939639e-05
2.406665154952909469e-05,2.039483188331490601e-02,2.183656979595181778e-05
2.465005925119179218e-05,2.078327905839946754e-02,2.225198167651653907e-05
2.524669778373692474e-05,2.117912645989502782e-02,2.267529621908938688e-05
2.585642709770455506e-05,2.158251506497535499e-02,2.310666376137069500e-05
2.647894312040652881e-05,2.199358853664615254e-02,2.354623750103685732e-05
2.711362608748975041e-05,2.241249316425091356e-02,2.399417355014758167e-05
2.775927552896662604e-05,2.283937784322999029e-02,2.445063099058819421e-05
2.841351243099449834e-05,2.327439399519464283e-02,2.491577193056664893e-05
2.907115370494304350e-05,2.371769527779280309e-02,2.538976156218531016e-05
2.971889621134662969e-05,2.416943659631362595e-02,2.587276822010795200e-05
2.949093743936149245e-05,2.462974415170945258e-02,2.636496344134286267e-05
3.021144827952332028e-05,2.509887459712586283e-02,2.686652202616320232e-05
3.095176039620556449e-05,2.557694326055359388e-02,2.737762210018632221e-05
3.171177398182223155e-05,2.606412072577488775e-02,2.789844517763400022e-05
3.249158625846678528e-05,2.656058083121837568e-02,2.842917622579620515e-05
3.329140087439267840e-05,2.706650065540119193e-02,2.897000373072112765e-05
3.411166215174611183e-05,2.758206055395437395e-02,2.952111976415495732e-05
3.495292583868380831e-05,2.810744425852893316e-02,3.008272005175494012e-05
3.581570616511866445e-05,2.864283898079768645e-02,3.065500404260035116e-05
3.670049267128980952e-05,2.918843548998927701e-02,3.123817498002553344e-05
3.760776898348114095e-05,2.974442819930102344e-02,3.183243997380069473e-05
3.853803079309790552e-05,3.031101526337388885e-02,3.243801007368568389e-05
3.949180460628025547e-05,3.088839868841679326e-02,3.305510034438309953e-05
4.046966476561391572e-05,3.147678444135609127e-02,3.368392994191729052e-05
4.147221286251695884e-05,3.207638243734210054e-02,3.432472219146630256e-05
4.250005005367829368e-05,3.268740653292011300e-02,3.497770466667456720e-05
4.355377381818472873e-05,3.331007460146898080e-02,3.564310927047430552e-05
4.463397717316990634e-05,3.394460861488973052e-02,3.632117231744454736e-05
4.574125032273600416e-05,3.459123473318156949e-02,3.701213461773687015e-05
4.687618605910817346e-05,3.525018340401116917e-02,3.771624156259774060e-05
4.803939054862416033e-05,3.592168947484527392e-02,3.843374321151772210e-05
4.923150153035297025e-05,3.660599232076613280e-02,3.916489438103875926e-05
5.045321640921416353e-05,3.730333599168886988e-02,3.990995473525071045e-05
5.170530732596369613e-05,3.801396933449630033e-02,4.066918887800956625e-05
5.298855304754845972e-05,3.873814592914738564e-02,4.144286644690995449e-05
5.430372004568371358e-05,3.947612410699306157e-02,4.223126220904540652e-05
5.565156452339304472e-05,4.022816704458698212e-02,4.303465615859024582e-05
5.703283342743870114e-05,4.099454286361920580e-02,4.385333361623793566e-05
5.844826858700951939e-05,4.177552474190873028e-02,4.468758533053100035e-05
5.989861508280536879e-05,4.257139103855053786e-02,4.553770758111881384e-05
6.138463520639740340e-05,4.338242543700337323e-02,4.640400228397940707e-05
6.290712966887623521e-05,4.420891711072184177e-02,4.728677709864334257e-05
6.446696724497937145e-05,4.505116091537936240e-02,4.818634553745710226e-05
6.606506822949416945e-05,4.590945748552416328e-02,4.910302707692522952e-05
6.770232920340639362e-05,4.678411311679248757e-02,5.003714727117053478e-05
6.937963773789928787e-05,4.767543983947027109e-02,5.098903786755277823e-05
7.109787755692191936e-05,4.858375553524876128e-02,5.195903692448671760e-05
7.285793124122845509e-05,4.950938406108507106e-02,5.294748893150175753e-05
7.466068340375109033e-05,5.045265538673778666e-02,5.395474493158527427e-05
7.650702398088766055e-05,5.141390574951040099e-02,5.498116264585349203e-05
7.839785109398030071e-05,5.239347783047521717e-02,5.602710660059416009e-05
8.033407268542617997e-05,5.339172095731720136e-02,5.709294825672587577e-05
8.231660751280204353e-05,5.440899133057546661e-02,5.817906614172023373e-05
8.434639425816561984e-05,5.544565205191748225e-02,5.928584598403372028e-05
8.642433145715692588e-05,5.650207301695026052e-02,6.041368085009694248e-05
8.855122505952114941e-05,5.757863104599429682e-02,6.156297128390985913e-05
9.072777208844381156e-05,5.867571002311450928e-02,6.273412544929264981e-05
9.295454526255964999e-05,5.979370104454669044e-02,6.392755927484269148e-05
9.523197769983261676e-05,6.093300258065326158e-02,6.514369660164931182e-05
9.756034723892979702e-05,6.209402065413995031e-02,6.638296933381832021e-05
9.993975911664177249e-05,6.327716903764199485e-02,6.764581759186036390e-05
1.023701243714472881e-04,6.448286947418185866e-02,6.893268986899715679e-05
1.048511907990135815e-04,6.571155194046923720e-02,7.024404319044111919e-05
1.073827104959658495e-04,6.696365480421481720e-02,7.158034327570543033e-05
1.099636485306627296e-04,6.823962442763267799e-02,7.294206470400142793e-05
1.125916935970364607e-04,6.953991510360149619e-02,7.432969108278276906e-05
1.152631333855275826e-04,7.086498919456564460e-02,7.574371521949573938e-05
1.179730722833940905e-04,7.221531738740838424e-02,7.718463929659700898e-05
1.207166545989903431e-04,7.359137922168597357e-02,7.865297504990075624e-05
1.234856943284923529e-04,7.499366289602275859e-02,8.014924395031873463e-05
1.262534318388226751e-04,7.642266296707966866e-02,8.167397738905756203e-05
1.243636569685199246e-04,7.787859138940271542e-02,8.322771686633930127e-05
1.269074142413079457e-04,7.936256791995538462e-02,8.481101418371210510e-05
1.296931789485573677e-04,8.087482211882561500e-02,8.642443164001918957e-05
1.326349776553024625e-04,8.241589647978921074e-02,8.806854223109621626e-05
1.356988032088290790e-04,8.398634274571809000e-02,8.974392985326731212e-05
1.388686163007990765e-04,8.558672222416943698e-02,9.145118951071246375e-05
1.421356903417010610e-04,8.721760634159593517e-02,9.319092752677983536e-05
1.454948233179754276e-04,8.887957709450292065e-02,9.496376175931787479e-05
1.489427795194378751e-04,9.057322745986871870e-02,9.677032182010413160e-05
1.524775725231204216e-04,9.229916180620377497e-02,9.861124929844806378e-05
1.560980937554547567e-04,9.405799632855822712e-02,1.004871979890477253e-04
1.598038129943923490e-04,9.585035930853215425e-02,1.023988341241813922e-04
1.635942883950480830e-04,9.767689086455517977e-02,1.043468366103157669e-04
1.674689946582470323e-04,9.953824306409476963e-02,1.063318972692158996e-04
1.714274508735287356e-04,1.014350801473660468e-01,1.083547210836415680e-04
1.754694941968398196e-04,1.033680787645276933e-01,1.104160264477178167e-04
1.795957355681499054e-04,1.053379282449185550e-01,1.125165454220685037e-04
1.838081771918686396e-04,1.073453309050082932e-01,1.146570239938033466e-04
1.881108113055542726e-04,1.093910024056726493e-01,1.168382223414508555e-04
1.925073952067115864e-04,1.114756722306088077e-01,1.190609151049314357e-04
1.969980604059316266e-04,1.136000843198587962e-01,1.213258916606661683e-04
2.015832333815091300e-04,1.157649972181826331e-01,1.236339564019192498e-04
2.062643069139183816e-04,1.179711837454403833e-01,1.259859290244737045e-04
2.110436267065412955e-04,1.202194312309730756e-01,1.283826448177413486e-04
2.159245140905771709e-04,1.225105418371859045e-01,1.308249549614113054e-04
2.209112600237551178e-04,1.248453328948333496e-01,1.333137268277412248e-04
2.260090308624217734e-04,1.272246372590270236e-01,1.358498442895996383e-04
2.312236492919450982e-04,1.296493036974964430e-01,1.384342080343682114e-04
2.365612624791564253e-04,1.321201973312823852e-01,1.410677358838157531e-04
2.420279661212817633e-04,1.346382001541055473e-01,1.437513631200572025e-04
2.476294616062226710e-04,1.372042116124500832e-01,1.464860428177134927e-04
2.533706111534990055e-04,1.398191485493469888e-01,1.492727461823907954e-04
2.592552924176089635e-04,1.424839448695345012e-01,1.521124628955982999e-04
2.652865019920018887e-04,1.451995518416788200e-01,1.550062014662279637e-04
2.714664323773157469e-04,1.479669384486033967e-01,1.579549895887203748e-04
2.777965485954204689e-04,1.507870917708569736e-01,1.609598745080447976e-04
2.842776730793871364e-04,1.536610174166551379e-01,1.640219233916219075e-04
2.909131115897086220e-04,1.565897402546956585e-01,1.671422237083221643e-04
2.977099870262352719e-04,1.595743052275485352e-01,1.703218836146740763e-04
3.046740033694391716e-04,1.626157777496335666e-01,1.735620323484195053e-04
3.118093845964248255e-04,1.657152443635249994e-01,1.768638206295558763e-04
3.191191415463687339e-04,1.688738123929204582e-01,1.802284210690079721e-04
3.266052500059788582e-04,1.720926097377688258e-01,1.836570285850733209e-04
3.342688197677208062e-04,1.753727852825703593e-01,1.871508608277911248e-04
3.421101367909671872e-04,1.787155093267875916e-01,1.907111586113830718e-04
3.501285986478100409e-04,1.821219740641854823e-01,1.943391863549217256e-04
3.583225473244245544e-04,1.855933941244928553e-01,1.980362325313812615e-04
3.666889826947760810e-04,1.891310071924949265e-01,2.018036101252313082e-04
3.752231113573407701e-04,1.927360747217292114e-01,2.056426570987359586e-04
3.839176441283586195e-04,1.964098827619063514e-01,2.095547368671228541e-04
3.927616071913896047e-04,2.001537425284306559e-01,2.135412387827925100e-04
4.017382741088284170e-04,2.039689896058993479e-01,2.176035786287386429e-04
4.108227140137841104e-04,2.078569838839148809e-01,2.217431991213553578e-04
4.199799724681887243e-04,2.118191101616915539e-01,2.259615704228093024e-04
4.291703011363842061e-04,2.158567794810793139e-01,2.302601906631594221e-04
4.383302165702433056e-04,2.199714296429545468e-01,2.346405864724089834e-04
4.472182191727098609e-04,2.241645212467650861e-01,2.391043135226795450e-04
4.550953054471346864e-04,2.284375466440834446e-01,2.436529570806987284e-04
4.602744279358671263e-04,2.327921250274777309e-01,2.482881325707984605e-04
4.662938417278210726e-04,2.372298319529624888e-01,2.530114861486236163e-04
4.733356435190357145e-04,2.417521426871536427e-01,2.578246952857546196e-04
4.810820673879870899e-04,2.463606344232164291e-01,2.627294693654516817e-04
4.890493792094013741e-04,2.510569443161755898e-01,2.677275502897325031e-04
4.967067894249043228e-04,2.558427473916072281e-01,2.728207130979983007e-04
5.037643390292485465e-04,2.607197313417844997e-01,2.780107665974291750e-04
5.102856705567135331e-04,2.656895893370689321e-01,2.832995540053712407e-04
5.162859331605033041e-04,2.707540779370299910e-01,2.886889536039443423e-04
5.221130175233560777e-04,2.759150143068046512e-01,2.941808794071035672e-04
5.278514843580784646e-04,2.811742192924636119e-01,2.997772818403897171e-04
5.335270594567836835e-04,2.865335551487394605e-01,3.054801484336118196e-04
5.390799396729168769e-04,2.919949313731395324e-01,3.112915045267067066e-04
5.445413982389295205e-04,2.975602885664458408e-01,3.172134139890267620e-04
5.499594299356523304e-04,3.032316033990259951e-01,3.232479799523111687e-04
5.553373521130491527e-04,3.090108915180287408e-01,3.293973455576010246e-04
5.606930681129697119e-04,3.149002062313636108e-01,3.356636947163628751e-04
5.660477051079397786e-04,3.209016398470642129e-01,3.420492528860932281e-04
5.714100572717499028e-04,3.270173250912898899e-01,3.485562878606756460e-04
5.767920547731026281e-04,3.332494357270022745e-01,3.551871105757755049e-04
5.822060979435172718e-04,3.396001880418011432e-01,3.619440759295549097e-04
5.876589979734519412e-04,3.460718422911310266e-01,3.688295836190011510e-04
5.931576396516492202e-04,3.526667021670654711e-01,3.758460789921651236e-04
5.987093809392460796e-04,3.593871143239500965e-01,3.829960539166130128e-04
6.043206766025751697e-04,3.662354692943373680e-01,3.902820476643976445e-04
6.099972495400777638e-04,3.732142023799572828e-01,3.977066478138667352e-04
6.157418712827703771e-04,3.803257946586074967e-01,4.052724911686264738e-04
6.215571004648442468e-04,3.875727747466534701e-01,4.129822646939865075e-04
6.274403767944749036e-04,3.949577199228043178e-01,4.208387064712207555e-04
6.333805894651721056e-04,4.024832561326181501e-01,4.288446066699799883e-04
6.393495878927434864e-04,4.101520603665650966e-01,4.370028085392057226e-04
6.452956259587776982e-04,4.179668609875101248e-01,4.453162094168925354e-04
6.511795175334841607e-04,4.259304356692418247e-01,4.537877617590610870e-04
6.569726257566321911e-04,4.340456118485573334e-01,4.624204741883059791e-04
6.626650116750396231e-04,4.423152640640533040e-01,4.712174125622902235e-04
6.683072539474006887e-04,4.507423222354456360e-01,4.801817010625670373e-04
6.739789495018744681e-04,4.593297771985553890e-01,4.893165233041145076e-04
6.798175570853625272e-04,4.680806831826193615e-01,4.986251234659784797e-04
6.859681362438344813e-04,4.769981626800350316e-01,5.081108074434233061e-04
6.924980655481136451e-04,4.860853972664985756e-01,5.177769440220018025e-04
6.994319422064796451e-04,4.953456287241953526e-01,5.276269660739592261e-04
7.067309268293366174e-04,5.047821615717472676e-01,5.376643717773986692e-04
7.143317909054097562e-04,5.143983596084166221e-01,5.478927258586381880e-04
7.222001152531657255e-04,5.241976470260597543e-01,5.583156608582031050e-04
7.303018089553005732e-04,5.341835100004040937e-01,5.689368784209009348e-04
7.386087664031857876e-04,5.443594969352197888e-01,5.797601506104396122e-04
7.471111305121486785e-04,5.547292237859434705e-01,5.907893212490540353e-04
7.558091600468323139e-04,5.652963776593632472e-01,6.020283072826168895e-04
7.647066577151178084e-04,5.760647168748176394e-01,6.134811001717193658e-04
7.738118706254913052e-04,5.870380723720632909e-01,6.251517673092149780e-04
7.831302211114462555e-04,5.982203498512485007e-01,6.370444534647311729e-04
7.926649000200944751e-04,6.096155305087199716e-01,6.491633822566592873e-04
8.024207452912939355e-04,6.212276704188017806e-01,6.615128576521485783e-04
8.124043644303360293e-04,6.330609018808229793e-01,6.740972654956350462e-04
8.226227570209275648e-04,6.451194349210934709e-01,6.869210750664491013e-04
8.330833230608140818e-04,6.574075589719371449e-01,6.999888406660531755e-04
8.437940701975753244e-04,6.699296447306244406e-01,7.133052032354760983e-04
8.547633523639076121e-04,6.826901461606279531e-01,7.268748920035160476e-04
8.659992770026256987e-04,6.956936026157952702e-01,7.407027261662989508e-04
8.775092296179138251e-04,7.089446411988841179e-01,7.547936165987878922e-04
8.892996393449717919e-04,7.224479792424857161e-01,7.691525675988518688e-04
9.013769152044898408e-04,7.362084246722941927e-01,7.837846786645126518e-04
9.137484723013542020e-04,7.502308757727689237e-01,7.986951463050023835e-04
9.264224704387815593e-04,7.645203229131499745e-01,8.138892658862739759e-04
9.394077109446268047e-04,7.790818504661212174e-01,8.293724335116182999e-04
9.527135440176973157e-04,7.939206388924839874e-01,8.451501479380603725e-04
9.663497016538740271e-04,8.090419669598424290e-01,8.612280125292099981e-04
9.803261006212510287e-04,8.244512141320434750e-01,8.776117372452641157e-04
9.946526189507664574e-04,8.401538631782736744e-01,8.943071406708657991e-04
1.009338538826492354e-03,8.561555029682751394e-01,9.113201520815412309e-04
1.024392205098276524e-03,8.724618311348820709e-01,9.286568135494471365e-04
1.039822124843199072e-03,8.890786539328097149e-01,9.463232820891778621e-04
1.055637711764978231e-03,9.060118867887072547e-01,9.643258318443925564e-04
1.071849312010706920e-03,9.232675565591356159e-01,9.826708563160418877e-04
1.088468186422271488e-03,9.408518038763421520e-01,1.001364870632982188e-03
1.105506211089420706e-03,9.587708855652975481e-01,1.020414513865785513e-03
1.122975579750794478e-03,9.770311772309007159e-01,1.039826551384567766e-03
1.140888626294806873e-03,9.956391761789994410e-01,1.059607877261668860e-03
1.159257540175940345e-03,1.014601504610763483e+00,1.079765516720044682e-03
1.178093857653110922e-03,1.033924913114055100e+00,1.100306628628232915e-03
1.197408455061819239e-03,1.053616283334617432e+00,1.121238508042783286e-03
1.217213762842109769e-03,1.073682627302334103e+00,1.142568588799055792e-03
1.237523281922938041e-03,1.094131089144604552e+00,1.164304446151302871e-03
1.258349805037813074e-03,1.114968947968793866e+00,1.186453799462977446e-03
1.279703566619180485e-03,1.136203620769468792e+00,1.209024514948219865e-03
1.301590733542800976e-03,1.157842665372271096e+00,1.232024608465499089e-03
1.324012917226231444e-03,1.179893783386049222e+00,1.255462248364396481e-03
1.346968213607966421e-03,1.202364823244784553e+00,1.279345758386549832e-03
1.370454135186893914e-03,1.225263783579716215e+00,1.303683620621779371e-03
1.394471897919056375e-03,1.248598817214852330e+00,1.328484478520455033e-03
1.419019453265199125e-03,1.272378234940918729e+00,1.353757139963166194e-03
1.444085464802610580e-03,1.296610504625964388e+00,1.379510580388789570e-03
1.469665311100663667e-03,1.321304251454277434e+00,1.405753945982065071e-03
1.495770907464452539e-03,1.346468261440548986e+00,1.432496556921807615e-03
1.522436145808463452e-03,1.372111485648025875e+00,1.459747910690918898e-03
1.549715947260271428e-03,1.398243044899396770e+00,1.487517685449358563e-03
1.577678238707343715e-03,1.424872234817770034e+00,1.515815743471290175e-03
1.606394040489169447e-03,1.452008530871308434e+00,1.544652134647606957e-03
1.635923522427372694e-03,1.479661593486009341e+00,1.574037100055096072e-03
1.666299978580494841e-03,1.507841272552308043e+00,1.603981075593495422e-03
1.697567792134240449e-03,1.536557606170701140e+00,1.634494695691741419e-03
1.729784545484112793e-03,1.565820823261520722e+00,1.665588797084728264e-03
1.762989515166335334e-03,1.595641348764820888e+00,1.697274422661908646e-03
1.797201141556362992e-03,1.626029806018022050e+00,1.729562825389112336e-03
1.832418992437350120e-03,1.656997019410018757e+00,1.762465472304971560e-03
1.868629183839095112e-03,1.688554017724771539e+00,1.795994048593373875e-03
1.905813024008566961e-03,1.720712038364325291e+00,1.830160461733386715e-03
1.943958579884164529e-03,1.753482532336400723e+00,1.864976845728129199e-03
1.983074227050021180e-03,1.786877169910078278e+00,1.900455565414094347e-03
2.023194811859726008e-03,1.820907847604639640e+00,1.936609220852445650e-03
2.064336757190938371e-03,1.855586690999105448e+00,1.973450651803859441e-03
2.106510277558554939e-03,1.890926053446247979e+00,2.010992942288488631e-03
2.149735049766562239e-03,1.926938520102667418e+00,2.049249425232678445e-03
2.194039068804503386e-03,1.963636913208799628e+00,2.088233687204074998e-03
2.239456391189748041e-03,2.001034297640035930e+00,2.127959573236819137e-03
2.286024337408218334e-03,2.039143986746287496e+00,2.168441191748526897e-03
2.333780411069132869e-03,2.077979548515282548e+00,2.209692919550814479e-03
2.382758900118274199e-03,2.117554812120791663e+00,2.251729406955137180e-03
2.432987030124407913e-03,2.157883874956550763e+00,2.294565582975764597e-03
2.484485380157199809e-03,2.198981108217348712e+00,2.338216660631731777e-03
2.537282145322900494e-03,2.240861155675704541e+00,2.382698142349655001e-03
2.591408834628463470e-03,2.283538937004328417e+00,2.428025825469328196e-03
2.646897910829322607e-03,2.327029653503240425e+00,2.474215807854056315e-03
2.703782557167761641e-03,2.371348793848975234e+00,2.521284493607721042e-03
2.762096524245543586e-03,2.416512140219898797e+00,2.569248598900595888e-03
2.821874061958871450e-03,2.462535774876227990e+00,2.618125157906004037e-03
2.883149944200347897e-03,2.509436087286590400e+00,2.667931528849904095e-03
2.945959597732785741e-03,2.557229781908716415e+00,2.718685400175559555e-03
3.010339355189064689e-03,2.605933886725444903e+00,2.770404796825492490e-03
3.076327003286561789e-03,2.655565759471106180e+00,2.823108086642931933e-03
3.143961892001610400e-03,2.706143086985365098e+00,2.876813986895050256e-03
3.213284537184969095e-03,2.757683889865341964e+00,2.931541570920289958e-03
3.284336433384253944e-03,2.810206529119593899e+00,2.987310274902149621e-03
3.357159142727743437e-03,2.863729712878740674e+00,3.044139904771830333e-03
3.431794288156815847e-03,2.918272503851665700e+00,3.102050643242201117e-03
3.508283782959170215e-03,2.973854327402509323e+00,3.161063056975567474e-03
3.586670167622495013e-03,3.030494980318285236e+00,3.221198103887803945e-03
3.666997103937656190e-03,3.088214640413807999e+00,3.282477140591434552e-03
3.749310064026649490e-03,3.147033876962729071e+00,3.344921929980314377e-03
3.833656448669099659e-03,3.206973656032472419e+00,3.408554648958590262e-03
3.920084469663586563e-03,3.268055339847039775e+00,3.473397896316698409e-03
4.008642860801805465e-03,3.330300693569222759e+00,3.539474700757199582e-03
4.099380913378553037e-03,3.393731893431968683e+00,3.606808529073281689e-03
4.192348587546344298e-03,3.458371535330751811e+00,3.675423294482864020e-03
4.287596732575812801e-03,3.524242644026076121e+00,3.745343365121226592e-03
4.385177457900128056e-03,3.591368683085097491e+00,3.816593572695222043e-03
4.485144708465964650e-03,3.659773565719520949e+00,3.889199221302104981e-03
4.587555203120393874e-03,3.729481666734983047e+00,3.963186096416137713e-03
4.692470099522421355e-03,3.800517835171995262e+00,4.038580474046152974e-03
4.799952766008723157e-03,3.872907397141146291e+00,4.115409130067322792e-03
4.910066048133062029e-03,3.946676156035945571e+00,4.193699349730459387e-03
5.022872219055508382e-03,4.021850401556199550e+00,4.273478937352206963e-03
5.138433147780982306e-03,4.098456919549955835e+00,4.354776226189591669e-03
5.256810599313333117e-03,4.176523002519246575e+00,4.437620088502403949e-03
5.378066726275705298e-03,4.256076460948832185e+00,4.522039945807020643e-03
5.502264822238544378e-03,4.337145635636672658e+00,4.608065779325282857e-03
5.629470421920685155e-03,4.419759411239604141e+00,4.695728140632154934e-03
5.759752851375984396e-03,4.503947231288303321e+00,4.785058162505933209e-03
5.893186698299518814e-03,4.589739112536303622e+00,4.876087569984878176e-03
6.029849125297336195e-03,4.677165644779242903e+00,4.968848691634175814e-03
6.169817507436022204e-03,4.766257994108729079e+00,5.063374471027235271e-03
6.313169441000346035e-03,4.857047914358370910e+00,5.159698478445413385e-03
6.459982942315249665e-03,4.949567759100981235e+00,5.257854922800299022e-03
6.610336884797221244e-03,5.043850494520188299e+00,5.357878663782815985e-03
6.764311756413034921e-03,5.139929713354336904e+00,5.459805224243435319e-03
6.921990838844127233e-03,5.237839650153824245e+00,5.563670802807906685e-03
7.083461932860480800e-03,5.337615198143489614e+00,5.669512286733002608e-03
7.248819776869315501e-03,5.439291928022106148e+00,5.777367265006795420e-03
7.418168250947579714e-03,5.542906103202606793e+00,5.887274041698180131e-03
7.591616545088374426e-03,5.648494676623702304e+00,5.999271649560339141e-03
7.769272527638576738e-03,5.756095296541426265e+00,6.113399863892999067e-03
7.951242094019695533e-03,5.865746320212974041e+00,6.229699216668390695e-03
8.137629780481844474e-03,5.977486828632606830e+00,6.348211010925954891e-03
8.328539745487952006e-03,6.091356642455926007e+00,6.468977335440865076e-03
8.524077245442568743e-03,6.207396339379212868e+00,6.592041079671618134e-03
8.724350759627748364e-03,6.325647273293407480e+00,6.717445948991979457e-03
8.929474952391689563e-03,6.446151595595234873e+00,6.845236480212679719e-03
9.139574610046304406e-03,6.568952278872163042e+00,6.975458057398420571e-03
9.354784545396279891e-03,6.694093130022482185e+00,7.108156927985751633e-03
9.575241121387358459e-03,6.821618783844134448e+00,7.243380219207576354e-03
9.801080550424581123e-03,6.951574715057841303e+00,7.381175954830124925e-03
1.003243931516598596e-02,7.084007255239314738e+00,7.521593072208306203e-03
1.026945498893619760e-02,7.218963610877775494e+00,7.664681439665536195e-03
1.051226766091894159e-02,7.356491883043746682e+00,7.810491874204170994e-03
1.076102215455012473e-02,7.496641089046335082e+00,7.959076159552875077e-03
1.101587126800283520e-02,7.639461186538253124e+00,8.110487064557315648e-03
1.127698031454742351e-02,7.785003100618983041e+00,8.264778361920702143e-03
1.154453272129354023e-02,7.933318753294593684e+00,8.422004847300863448e-03
1.181872568149506392e-02,8.084461070668538696e+00,8.582222358770591822e-03
1.209975899641312080e-02,8.238483975904859591e+00,8.745487796648217585e-03
1.238783460307018268e-02,8.395442406956565407e+00,8.911859143705434111e-03
1.268315728814701886e-02,8.555392337222901489e+00,9.081395485759527139e-03
1.298593603276282198e-02,8.718390797885483323e+00,9.254157032657367096e-03
1.329638624047408714e-02,8.884495902422816727e+00,9.430205139658592514e-03
1.361473312196149338e-02,9.053766873821215810e+00,9.609602329225558348e-03
1.394121639680748898e-02,9.226264075036388235e+00,9.792412313227841572e-03
1.427609447095014999e-02,9.402049042531530176e+00,9.978700015569131124e-03
1.461965155187729820e-02,9.581184521123239151e+00,1.016853159524458081e-02
1.497218844465353881e-02,9.763734461152044020e+00,1.036197446983678702e-02
1.533401002514766034e-02,9.949764015349582991e+00,1.055909733945876137e-02
1.570542547270526931e-02,1.013933956233324984e+01,1.075997021115235493e-02
1.608674956596110178e-02,1.033252873193154819e+01,1.096466442375088404e-02
1.647830502960238516e-02,1.052940043288162997e+01,1.117325267321467135e-02
1.688042626470779087e-02,1.073002488349867889e+01,1.138580903844861603e-02
1.729346486640887318e-02,1.093447364603754401e+01,1.160240900761087650e-02
1.771779741896695182e-02,1.114281966561532400e+01,1.182312950492205202e-02
1.815383615640999912e-02,1.135513731473088583e+01,1.204804891798437125e-02
1.860203613351520124e-02,1.157150243120683086e+01,1.227724712562060227e-02
1.906287314520480752e-02,1.179199230056418912e+01,1.251080552624253897e-02
1.953683277315185901e-02,1.201668566058403087e+01,1.274880706675919281e-02
2.002441189228604257e-02,1.224566273073825506e+01,1.299133627203487643e-02
2.052612104631279868e-02,1.247900524372954401e+01,1.323847927490775025e-02
2.104248837957742313e-02,1.271679648031931364e+01,1.349032384677938297e-02
2.157406560408136123e-02,1.295912130826349795e+01,1.374695942878624913e-02
2.212143658547110689e-02,1.320606622634730343e+01,1.400847716356424730e-02
2.268522925591684447e-02,1.345771941471210198e+01,1.427496992761746047e-02
2.326613154646911888e-02,1.371417079259833827e+01,1.454653236430271737e-02
2.386489470520238715e-02,1.397551205234887384e+01,1.482326091744162397e-02
2.448229946219833766e-02,1.424183662640395021e+01,1.510525386557203670e-02
2.511914800750672874e-02,1.451323970396638963e+01,1.539261135685109604e-02
2.577626674804239099e-02,1.478981826709216030e+01,1.568543544462227754e-02
2.645451052043528914e-02,1.507167112978242152e+01,1.598383012365904229e-02
2.715476913584990645e-02,1.535889898173313739e+01,1.628790136709798095e-02
2.787797695148601720e-02,1.565160443796465373e+01,1.659775716407453292e-02
2.862512631371385424e-02,1.594989209581178713e+01,1.691350755807473696e-02
2.939728589493995764e-02,1.625386860105829001e+01,1.723526468601650416e-02
3.019562392783067817e-02,1.656364272297095042e+01,1.756314281807441063e-02
3.102139990103075506e-02,1.687932537070276595e+01,1.789725839826208573e-02
3.187591885518197693e-02,1.720102954848773891e+01,1.823773008578660759e-02
3.276052799112379871e-02,1.752887038918574092e+01,1.858467879718965834e-02
3.367662131358439143e-02,1.786296519952519191e+01,1.893822774929032615e-02
3.462564674268132914e-02,1.820343350982099295e+01,1.929850250294481984e-02
3.560911671812932305e-02,1.855039712990048173e+01,1.966563100763869115e-02
3.662862331000114879e-02,1.890398021280397600e+01,2.003974364692737500e-02
3.768585906654006723e-02,1.926430932815519270e+01,2.042097328474110421e-02
3.878264508481473610e-02,1.963151354748459099e+01,2.080945531257080705e-02
3.992082500027929054e-02,2.000572453335879786e+01,2.120532769755157851e-02
4.110151278719700874e-02,2.038707651604591575e+01,2.160873103146091628e-02
4.232613687458128271e-02,2.077570626349550409e+01,2.201980858064908966e-02
4.359705464100423200e-02,2.117175313726656682e+01,2.243870633691932154e-02
4.491750400407716615e-02,2.157535914866886273e+01,2.286557306937595305e-02
4.629147012597546046e-02,2.198666902051085259e+01,2.330056037725891649e-02
4.772344381415156295e-02,2.240583025594519739e+01,2.374382274378331742e-02
4.921803923053626184e-02,2.283299321607156429e+01,2.419551759100327382e-02
5.077943157668928648e-02,2.326831120828884991e+01,2.465580533571942387e-02
5.241056725795834731e-02,2.371194058778030822e+01,2.512484944645001703e-02
5.411445297545182387e-02,2.416404071743465920e+01,2.560281650148583249e-02
5.589941313867133332e-02,2.462477368696804092e+01,2.608987624804948169e-02
5.777102657453114798e-02,2.509430493071226209e+01,2.658620166258011605e-02
5.972968658802209341e-02,2.557280342363435111e+01,2.709196901216506109e-02
6.177081518865978893e-02,2.606044169622852280e+01,2.760735791714000534e-02
6.388560452065562834e-02,2.655739581917658398e+01,2.813255141488013936e-02
6.606244831186269817e-02,2.706384534841986422e+01,2.866773602480479632e-02
6.828926431322476787e-02,2.757997321978322347e+01,2.921310181461875960e-02
7.055696494032713539e-02,2.810596558167071635e+01,2.976884246781370813e-02
7.286433291497911025e-02,2.864201157192114877e+01,3.033515535245376316e-02
7.521322753949950812e-02,2.918830525382282204e+01,3.091224159126961316e-02
7.759471247757641910e-02,2.974504676141379278e+01,3.150030613308610339e-02
8.000258022741610353e-02,3.031243728622407119e+01,3.209955782560859616e-02
8.243639068087671440e-02,3.089067865491747966e+01,3.271020948959402902e-02
8.490215925131318342e-02,3.147997379148137398e+01,3.333247799443297271e-02
8.741223226641701982e-02,3.208052749261363346e+01,3.396658433516952513e-02
8.998347099287649919e-02,3.269254756093770453e+01,3.461275371098644638e-02
9.263301455792724570e-02,3.331624637513356646e+01,3.527121560518330784e-02
9.537173096353529500e-02,3.395184306265817042e+01,3.594220386667615341e-02
9.819677113253647005e-02,3.459956612151499655e+01,3.662595679304759405e-02
1.010877922649627142e-01,3.525964469039877258e+01,3.732271721517683299e-02
1.040222790012455545e-01,3.593230624348326074e+01,3.803273258347960456e-02
1.069873149233015325e-01,3.661778841802406959e+01,3.875625505578875196e-02
1.099845659613873650e-01,3.731633986681981696e+01,3.949354158690664834e-02
1.130359988934509508e-01,3.802822007179270258e+01,4.024485401986116484e-02
1.161870206617352380e-01,3.875369842599726411e+01,4.101045917889773601e-02
1.195033038813040488e-01,3.949305217284869229e+01,4.179062896424043383e-02
1.230584334071454372e-01,4.024656278479156413e+01,4.258564044865571774e-02
1.269103173389252714e-01,4.101451035636922882e+01,4.339577597585324298e-02
1.310767968434231046e-01,4.179716798519820742e+01,4.422132326075861597e-02
1.356294432410495021e-01,4.259482106348607999e+01,4.506257549169359611e-02
1.406691318119849543e-01,4.340776751479420170e+01,4.591983143450034666e-02
1.462539009090119413e-01,4.423630607660219738e+01,4.679339553864626106e-02
1.523943907824253929e-01,4.508073638793523941e+01,4.768357804534753552e-02
1.590544738732143082e-01,4.594135979697870908e+01,4.859069509774945755e-02
1.661586182869607686e-01,4.681848085100400425e+01,4.951506885320278162e-02
1.736098294381267226e-01,4.771240963447021244e+01,5.045702759767618090e-02
1.813231993737743908e-01,4.862346510997140570e+01,5.141690586234494431e-02
1.892809028157301232e-01,4.955197959487011872e+01,5.239504454239787834e-02
1.975662648684350098e-01,5.049830157875787506e+01,5.339179101810417188e-02
2.061781540217479669e-01,5.146278326804492309e+01,5.440749927818359227e-02
2.150841701534907668e-01,5.244578028162515437e+01,5.544253004552341518e-02
2.242799452307751573e-01,5.344765412543809902e+01,5.649725090528713578e-02
2.337909367252209714e-01,5.446877199565017946e+01,5.757203643546015409e-02
2.436704937703764728e-01,5.550950679151134892e+01,5.866726833987897377e-02
2.539928882987002590e-01,5.657023746864484792e+01,5.978333558379116813e-02
2.648397924748392973e-01,5.765134989037708380e+01,6.092063453199402651e-02
2.762780588561971062e-01,5.875323839843814966e+01,6.207956908960128584e-02
2.883255791855171002e-01,5.987630842780355067e+01,6.326055084548766472e-02
3.009493183933478755e-01,6.102097742603646680e+01,6.446399921846224235e-02
3.141628216002567697e-01,6.218766874270194478e+01,6.569034160622264085e-02
3.279944544795579398e-01,6.337681319759860799e+01,6.694001353714278124e-02
3.424748165566083857e-01,6.458884998100677421e+01,6.821345882494835033e-02
3.576367086837555220e-01,6.582422684043834238e+01,6.951112972633456677e-02
3.735149038390241927e-01,6.708340042445092877e+01,7.083348710158257622e-02
3.901459272259202304e-01,6.836683662506247572e+01,7.218100057823127746e-02
4.075678479865637027e-01,6.967501097674721677e+01,7.355414871786283837e-02
4.258203064951117667e-01,7.100840915086914151e+01,7.495341918606103493e-02
4.449450451767622550e-01,7.236752756580382595e+01,7.637930892560289287e-02
4.649856244901662272e-01,7.375287345516477444e+01,7.783232433294494379e-02
4.859878193241355948e-01,7.516496420850442917e+01,7.931298143806710110e-02
5.080020615551017471e-01,7.660432775641278624e+01,8.082180608773759101e-02
5.310838652414727745e-01,7.807150286711343767e+01,8.235933413226445565e-02
5.552939761159106924e-01,7.956703943877876384e+01,8.392611161579961732e-02
5.806983721057633607e-01,8.109149883206312381e+01,8.552269497026343537e-02
6.073680638469521886e-01,8.264545425392462619e+01,8.714965121295802086e-02
6.353786329788732035e-01,8.422949120605298390e+01,8.880755814794036307e-02
6.648094326312071756e-01,8.584420801385901711e+01,9.049700457122591968e-02
6.957423198846791612e-01,8.749021721831522314e+01,9.221859047989625080e-02
7.282612824332005408e-01,8.916814914804187708e+01,9.397292728518437388e-02
7.624589850734333485e-01,9.087862789221686910e+01,9.576063802961398697e-02
7.984410989052120877e-01,9.262227331858099433e+01,9.758235760826931837e-02
8.363271926479897145e-01,9.439971947985554834e+01,9.943873299427453960e-02
8.762510759052539733e-01,9.621163590053284054e+01,1.013304234685624000e-01
9.183583970813932185e-01,9.805875875137454045e+01,1.032581008540141426e-01
9.628021245431136466e-01,9.994191775016575718e+01,1.052224497540533571e-01
1.009738273407828402e+00,1.018620324910508685e+02,1.072241677957789796e-01
1.059324907421300921e+00,1.038200465356995466e+02,1.092639658777235789e-01
1.111698995043977956e+00,1.058169584521797617e+02,1.113425684223246642e-01
1.166838193807247182e+00,1.078548147418167531e+02,1.134607136331992200e-01
1.224764545742736965e+00,1.099356938572837663e+02,1.156191537573124928e-01
1.285712825409266458e+00,1.120603390324237267e+02,1.178186553521339552e-01
1.350180613988824607e+00,1.142276046356803931e+02,1.200599995578758988e-01
1.418909373889797321e+00,1.164346775366740587e+02,1.223439823749107730e-01
1.492766512073065988e+00,1.186782938692622906e+02,1.246714149464660526e-01
1.572532485932395918e+00,1.209567642734117072e+02,1.270431238466971091e-01
1.658639356850793556e+00,1.232721437788888608e+02,1.294599513742402397e-01
1.750938210315103660e+00,1.256315272436499271e+02,1.319227558513499932e-01
1.848921671750587858e+00,1.280448393758692305e+02,1.344324119287275410e-01
1.952332743959519945e+00,1.305240162273211979e+02,1.369898108961476180e-01
2.060132743186981141e+00,1.330880990238206607e+02,1.395958609989949584e-01
2.170850293881824378e+00,1.357527796525797044e+02,1.422514877608224704e-01
2.283903154108372746e+00,1.385126598363536061e+02,1.449576343120453359e-01
2.401419160909244788e+00,1.413240776469549473e+02,1.477152617248884969e-01
2.528063023691198286e+00,1.441221475654565438e+02,1.505253493547057397e-01
2.668457731275831968e+00,1.468532341239132961e+02,1.533888951877921958e-01
2.824788620360393576e+00,1.495043490095424659e+02,1.563069161958132169e-01
2.991830437131195009e+00,1.522010187005747923e+02,1.592804486969761346e-01
3.164860023102459952e+00,1.550338959964521734e+02,1.623105487240723566e-01
3.340900710997817935e+00,1.580455187302468687e+02,1.653982923995216681e-01
3.518963008831080153e+00,1.611815320776352394e+02,1.685447763175506597e-01
3.702204179121932448e+00,1.643549934894330420e+02,1.717511179336415339e-01
3.892798955755560897e+00,1.675705444807190929e+02,1.750184559613904289e-01
4.096884451314879882e+00,1.708269778738976186e+02,1.783479507769146488e-01
4.317673313222196718e+00,1.741218097681347956e+02,1.817407848309535168e-01
4.555461768622054208e+00,1.773792549427475365e+02,1.851981630688088742e-01
4.805298114832799783e+00,1.809017101293372889e+02,1.887213133582745783e-01
5.064968416536700602e+00,1.850346495430278537e+02,1.923114869257063209e-01
5.341212129159591981e+00,1.898188073068806716e+02,1.959699588003876169e-01
5.639627214918172093e+00,1.941589238017670596e+02,1.996980282673490037e-01
5.953496330451196528e+00,1.974525661759124944e+02,2.034970193288015705e-01
6.280239361912931528e+00,2.000178686043220750e+02,2.073682811743485233e-01
6.621129230264378052e+00,2.031567237294416941e+02,2.113131886601423426e-01
6.970151487374954158e+00,2.071124322605252814e+02,2.153331427971566514e-01
7.342877855984096591e+00,2.114029996462166139e+02,2.194295712487471239e-01
7.772376467487462470e+00,2.156725601381983495e+02,2.236039288376780176e-01
8.259439858646054233e+00,2.199720430147677632e+02,2.278576980627941007e-01
8.746937308438877068e+00,2.242949471352243904e+02,2.321923896255211894e-01
9.216984074812094363e+00,2.286623283175626682e+02,2.366095429663831740e-01
9.718768675897019094e+00,2.331271499819485769e+02,2.411107268117252400e-01
1.028713333600979851e+01,2.376979439523884707e+02,2.456975397308382159e-01
1.091051748193076598e+01,2.425050083210532250e+02,2.503716107036809135e-01
1.155780569501211019e+01,2.474960489940700654e+02,2.551345996994028864e-01
1.220983336757061011e+01,2.523491212652717479e+02,2.599881982658729940e-01
1.288116502283844156e+01,2.570323273576109955e+02,2.649341301304226071e-01
1.363701766114537506e+01,2.624460048252203137e+02,2.699741518120175043e-01
1.452751179023635508e+01,2.692916828445748934e+02,2.751100532450752589e-01
1.541038451061659664e+01,2.754571666090442932e+02,2.803436584151501876e-01
1.619206102002727121e+01,2.796389337588153126e+02,2.856768260067111820e-01
1.699680155159403938e+01,2.839902655827513627e+02,2.911114500632426272e-01
1.789322890536206856e+01,2.899509986555897854e+02,2.966494606599029416e-01
1.891858801354687003e+01,2.960594233840261609e+02,3.022928245889796028e-01
2.013638378593714151e+01,3.018568452300701210e+02,3.080435460583840213e-01
2.133367919283167424e+01,3.078524333983980910e+02,3.139036674034343943e-01
2.248141173441590368e+01,3.142762193732464766e+02,3.198752698121788418e-01
2.373519425090266566e+01,3.210558958255823541e+02,3.259604740645178356e-01
2.509681463829534209e+01,3.275294719124341327e+02,3.321614412853864384e-01
2.655920258119420652e+01,3.339210143773121331e+02,3.384803737122655809e-01
2.801924935278810835e+01,3.407221785137231791e+02,3.449195154772936034e-01
2.951337094814585171e+01,3.477496027056663479e+02,3.514811534042566188e-01
3.116411713250460025e+01,3.548137513292243170e+02,3.581676178207414685e-01
3.279023739064987808e+01,3.622200509476285220e+02,3.649812833857370986e-01
3.462613913576678470e+01,3.699473660997884963e+02,3.719245699329813415e-01
3.688765155811643126e+01,3.775956304011770044e+02,3.789999433303510301e-01
3.925713599320738467e+01,3.854908654752256325e+02,3.862099163556001469e-01
4.176823100984530157e+01,3.936012675238484917e+02,3.935570495887586451e-01
4.444462625067733086e+01,4.019076674706386143e+02,4.010439523215073576e-01
4.729471291909290898e+01,4.104255236598504553e+02,4.086732834838526229e-01
5.032622359969938231e+01,4.191613663337660114e+02,4.164477525884304199e-01
5.353581774050863373e+01,4.281226166504993103e+02,4.243701206927736336e-01
5.710184674879558742e+01,4.373193503654138112e+02,4.324432013798851782e-01
6.035455374889875202e+01,4.467554843746826236e+02,0
6.375658334773930846e+01,5.405082749177025789e+02,5.221218030751140216e-01
7.546142228080391590e+01,5.521143746355659232e+02,5.320544803282731827e-01
8.647376034881619944e+01,5.641570191880076663e+02,5.421761136388779656e-01
9.794726318211986893e+01,5.766427717493628506e+02,5.524902976461917303e-01
1.096851096610011496e+02,5.895868004215845986e+02,5.630006953727391128e-01
1.216647419004040387e+02,6.030026624615087485e+02,5.737110395252071893e-01
1.338596799101015620e+02,6.169038077020516084e+02,5.846251338200945113e-01
1.462432822247459683e+02,6.313032288654179638e+02,5.957468543345787459e-01
1.587889636961717201e+02,6.462138165244278980e+02,6.070801508830833138e-01
1.714704486016026124e+02,6.616479876775802040e+02,6.186290484200310802e-01
1.842621780942719738e+02,6.776180388553261764e+02,6.303976484692828119e-01
1.971401055686359882e+02,6.941361078384391021e+02,6.423901305807704354e-01
2.100813640976427621e+02,7.112141132692587462e+02,6.546107538148392413e-01
2.230653531049695744e+02,7.288636598301952745e+02,6.670638582548287232e-01
2.360738579081375406e+02,7.470960300079133276e+02,6.797538665484283982e-01
2.490913569458675170e+02,7.659230685260203018e+02,6.926852854783540625e-01
2.621052986483684322e+02,7.853557475706064679e+02,7.058627075629079206e-01
2.751068423212404923e+02,8.054056240969669034e+02,7.192908126869814733e-01
2.880902638859459444e+02,8.260841254068583339e+02,7.329743697640924704e-01
3.010535091426787062e+02,8.474027842143309499e+02,7.469182384300350197e-01
3.139984859514976279e+02,8.693734527120337816e+02,7.611273707687518097e-01
3.269301798634108991e+02,8.920081260340891731e+02,7.756068130710378483e-01
3.398580358949573679e+02,9.153194340030697731e+02,7.903617076267013264e-01
3.527936360348159042e+02,9.393201000093541779e+02,8.053972945508165449e-01
3.657527557959086266e+02,9.640236706869096679e+02,8.207189136447236022e-01
3.787533786936966749e+02,9.894440441164589402e+02,8.363320062924249898e-01
3.918164484956587899e+02,1.015596080373130008e+03,8.522421173930614380e-01
4.049646022946160429e+02,1.042494887217115092e+03,8.684548973301529085e-01
4.182224702746347589e+02,1.070156478439471584e+03,8.849761039782980676e-01
4.316157339368799057e+02,1.098597736127506323e+03,9.018116047480487785e-01
4.451716289438858212e+02,1.127836264197310811e+03,9.189673786696893609e-01
4.589176203413138069e+02,1.157890422902045657e+03,9.364495185166524793e-01
4.728791230228449649e+02,1.188780255217039439e+03,9.542642329693338255e-01
4.870870526970763876e+02,1.220525344100501343e+03,9.724178488200673209e-01
5.015666978274949201e+02,1.253147116087839777e+03,9.909168132200496526e-01
5.163389322726033015e+02,1.286668609921962570e+03,1.009767695969008283e+00
5.314372202541057959e+02,1.321111532618587489e+03,1.028977191848427619e+00
5.468894499379183571e+02,1.356499193572564764e+03,1.048552122999161673e+00
5.627136195651182788e+02,1.392857125665672356e+03,1.068499441344278322e+00
5.789246429741125439e+02,1.430212149391925777e+03,1.088826231057993255e+00
5.955446891809669978e+02,1.468590986172480143e+03,1.109539711081575231e+00
6.126067281005082350e+02,1.508019963121260616e+03,1.130647237687108175e+00
6.301344269868629908e+02,1.548527258022931619e+03,1.152156307090031362e+00
6.481397394712782898e+02,1.590142912759097044e+03,1.174074558111375399e+00
6.666337137786946414e+02,1.632897960807134496e+03,1.196409774890645261e+00
6.856401626811141341e+02,1.676823306752116878e+03,1.219169889650311811e+00
7.051861833419432060e+02,1.721950585581010955e+03,1.242362985512895701e+00
7.252890295489186201e+02,1.768313163358288648e+03,1.265997299371640405e+00
7.459622217947667195e+02,1.815945613507718008e+03,1.290081224815796901e+00
7.672245805121785907e+02,1.864883197089902524e+03,1.314623315111559609e+00
7.891001215765536472e+02,1.915161942707781691e+03,1.339632286239706094e+00
8.116085574814729853e+02,1.966819180394764771e+03,1.365117019991030523e+00
8.347677808933168535e+02,2.019893465861535788e+03,1.391086567120658257e+00
8.585982105918352545e+02,2.074424456486041436e+03,1.417550150562368882e+00
8.831226527127636245e+02,2.130452913084340253e+03,1.444517168704068322e+00
9.083623401401392812e+02,2.188020613626016711e+03,1.471997198725570222e+00
9.343383952825516872e+02,2.247170503561489568e+03,1.499999999999877653e+00
