Pressure [MeV/fm^3],Energy Density [MeV/fm^3]
9.342882795908726189e-10,9.546916388517457264e-06
9.520542528928993205e-10,9.672672383409410866e-06
9.701341576136692994e-10,9.800084932807354922e-06
9.885339929404189255e-10,9.929175860178527275e-06
1.007260002102567896e-09,1.005996727675419360e-05
1.026318691349763115e-09,1.019248158534850222e-05
1.045716850417046693e-09,1.032674148422982278e-05
1.065461574581866244e-09,1.046276997104547511e-05
1.085560288424401023e-09,1.060059034680064446e-05
1.106020771409898738e-09,1.074022621989243690e-05
1.126851185419325870e-09,1.088170151019993377e-05
1.148060104362754962e-09,1.102504045323121924e-05
1.169656546018479040e-09,1.117026760432826870e-05
1.191650006249982854e-09,1.131740784293079913e-05
1.214050495762533338e-09,1.146648637689992502e-05
1.236868579571429217e-09,1.161752874690284991e-05
1.260115419364784697e-09,1.177056083085948095e-05
1.283802818955266132e-09,1.192560884845215606e-05
1.307943273027397933e-09,1.208269936569963871e-05
1.332550019399995858e-09,1.224185929959644450e-05
1.357637095037014122e-09,1.240311592281877830e-05
1.383219396054619712e-09,1.256649686849827132e-05
1.409312741987718084e-09,1.273203013506481070e-05
1.435933944595479646e-09,1.289974409115977274e-05
1.463067522725203304e-09,1.306966741948368976e-05
1.490675687428015989e-09,1.324182914028015216e-05
1.518766439145320162e-09,1.341625874107123709e-05
1.547348565250293433e-09,1.359298609906506886e-05
1.576431185231061023e-09,1.377204148543675566e-05
1.606023776602709965e-09,1.395345557055872144e-05
1.636136202886467764e-09,1.413725942930311862e-05
1.666778743803345105e-09,1.432348454641766158e-05
1.697962127839120904e-09,1.451216282197590082e-05
1.729697567347764132e-09,1.470332657690333539e-05
1.761996796371193941e-09,1.489700855858052903e-05
1.794872111364773685e-09,1.509324194652461079e-05
1.828336415030097970e-09,1.529206035815039840e-05
1.862403263469598890e-09,1.549349785461268098e-05
1.897086916891148003e-09,1.569758894673087062e-05
1.932402394105441478e-09,1.590436860099768808e-05
1.968365531074324436e-09,1.611387224567323111e-05
2.004993043784599889e-09,1.632613577696601442e-05
2.042302595739191290e-09,1.654119556530258560e-05
2.080312870375937862e-09,1.675908846168738730e-05
2.119043648743747238e-09,1.697985180415442080e-05
2.158515892786550420e-09,1.720352342431261865e-05
2.198751834607345312e-09,1.743014165398659645e-05
2.239775072107858088e-09,1.765974533195473900e-05
2.281610671423916802e-09,1.789237381078641299e-05
2.324285276602700681e-09,1.812806696378042718e-05
2.367794942475159552e-09,1.836686512973600079e-05
2.412065011982917599e-09,1.860880904278855888e-05
2.457102656304207051e-09,1.885394013370018520e-05
2.502921673946484567e-09,1.910230039160898819e-05
2.549536379588087083e-09,1.935393235942022878e-05
2.596961644520838551e-09,1.960887914116753807e-05
2.645212940331673447e-09,1.986718440947640246e-05
2.694306386054533582e-09,2.012889241313175597e-05
2.744258799038862681e-09,2.039404798475122791e-05
2.795087749797091581e-09,2.066269654856619424e-05
2.846811621110458741e-09,2.093488412831214700e-05
2.899449671690619374e-09,2.121065735523055691e-05
2.953022104713599851e-09,2.149006347618405215e-05
3.007550141563022105e-09,2.177315036188706796e-05
3.063056101141018278e-09,2.205996651525391199e-05
3.119563485128187811e-09,2.235056107986658998e-05
3.177097069598136319e-09,2.264498384856439403e-05
3.235683003417895260e-09,2.294328527215775071e-05
3.295348913892767491e-09,2.324551646826857176e-05
3.356124020143041352e-09,2.355172923029959101e-05
3.418039254730697710e-09,2.386197603653518112e-05
3.481127394086679724e-09,2.417631005937631328e-05
3.545423198323747576e-09,2.449478517471229233e-05
3.610963561056432319e-09,2.481745597143208976e-05
3.677787669888241836e-09,2.514437776107812384e-05
3.745937178267308330e-09,2.547560658764556695e-05
3.815449544515925667e-09,2.581119922365849922e-05
3.886217067074156526e-09,2.615121289452608538e-05
3.958203416954266158e-09,2.649570572773372491e-05
4.031430165208847611e-09,2.684473673490254185e-05
4.105919671078373239e-09,2.719836570604286435e-05
4.181695143772612375e-09,2.755665321991498931e-05
4.258780709225514628e-09,2.791966065453517268e-05
4.337201482179788264e-09,2.828745019782917948e-05
4.416983643980727148e-09,2.866008485843614506e-05
4.498154526483579052e-09,2.903762847666533929e-05
4.580742702504960640e-09,2.942014573560859843e-05
4.664778083276780688e-09,2.980770217241126744e-05
4.750292023390588975e-09,3.020036418970447153e-05
4.837317433751757417e-09,3.059819906720190520e-05
4.925888903096085641e-09,3.100127497346395099e-05
5.016042828656837327e-09,3.140966097783277352e-05
5.107817556607515312e-09,3.182342706254107556e-05
5.201253532945589967e-09,3.224264413499856847e-05
5.296393465524309441e-09,3.266738404025915874e-05
5.393282497984535335e-09,3.309771957367287586e-05
5.491968396385781051e-09,3.353372449372602442e-05
5.592501749385862248e-09,3.397547353507370758e-05
5.694936182871751599e-09,3.442304242176856403e-05
5.799328590000582538e-09,3.487650788069003490e-05
5.905739377669517107e-09,3.533594765517841617e-05
6.014232730496486402e-09,3.580144051887837887e-05
6.124876893460858387e-09,3.627306628979630758e-05
6.237681840814022484e-09,3.675090571110036240e-05
6.352446511397218363e-09,3.723504014017803152e-05
6.469177611438503576e-09,3.772555245549122756e-05
6.587909938627627533e-09,3.822252668699469111e-05
6.708679569823209982e-09,3.872604797333369472e-05
6.831523961318866551e-09,3.923620257663083935e-05
6.956482057164768167e-09,3.975307789748252878e-05
7.083594406120703603e-09,4.027676249016865233e-05
7.212903287854485971e-09,4.080734607807945364e-05
7.344452849039472791e-09,4.134491956936356990e-05
7.478289250047416888e-09,4.188957507280151061e-05
7.614460822977852398e-09,4.244140591390866188e-05
7.753018241813034516e-09,4.300050665127252595e-05
7.894014705538089146e-09,4.356697309312834954e-05
8.037506135119883842e-09,4.414090231417838603e-05
8.183551385295046433e-09,4.472239267265911474e-05
8.332212472178193363e-09,4.531154382766200075e-05
8.483554817765446123e-09,4.590845675671266089e-05
8.637647512476447356e-09,4.651323377361395156e-05
8.794563596950122408e-09,4.712597854655861635e-05
8.954380364386015803e-09,4.774679611651746331e-05
9.117179684803890663e-09,4.837579291590875713e-05
9.283048352680426666e-09,4.901307678755542640e-05
9.452078459512650062e-09,4.965875700393636744e-05
9.624367792954458165e-09,5.031294428673880394e-05
9.800020264274611901e-09,5.097575082671851945e-05
9.979146365993029970e-09,5.164729030387542997e-05
1.016170316516458217e-08,5.232767754956677453e-05
1.034739062402797755e-08,5.301702833625318855e-05
1.053624647320903445e-08,5.371546072590507572e-05
1.072832664843764698e-08,5.442309437532164164e-05
1.092368913672314245e-08,5.514005052051013583e-05
1.112239413684140042e-08,5.586645199779445483e-05
1.132450423270408398e-08,5.660242326522633944e-05
1.153008458053097270e-08,5.734809042430513584e-05
1.173920311080649795e-08,5.810358124201171786e-05
1.195193074606551907e-08,5.886902517316308235e-05
1.216834163562104403e-08,5.964455338309337078e-05
1.238851340841870979e-08,6.043029877066829645e-05
1.261252744527903797e-08,6.122639599163942181e-05
1.284046917186956450e-08,6.203298148234546159e-05
1.307242837383483671e-08,6.285019348376764590e-05
1.330849953560330232e-08,6.367817206594658327e-05
1.354878220448708539e-08,6.451705915276880290e-05
1.379338138179271642e-08,6.536699854713046360e-05
1.404240794276994625e-08,6.622813595648678131e-05
1.429597908734084053e-08,6.710061901879609263e-05
1.455421882367353468e-08,6.798459732886709243e-05
1.481725848679458028e-08,6.888022246511916612e-05
1.508523729457102864e-08,6.978764801676476111e-05
1.535830294353891944e-08,7.070702961142482929e-05
1.563661224720892318e-08,7.163852494318700352e-05
1.592033181964338839e-08,7.258229380111836640e-05
1.620963880727183235e-08,7.353849809824319287e-05
1.650447181070216692e-08,7.450730131797146574e-05
1.680434645755720633e-08,7.548886811393524946e-05
1.710932096808990079e-08,7.648336659165378142e-05
1.741948498383933044e-08,7.749096714270407599e-05
1.773493140139937879e-08,7.851184240811069691e-05
1.805575662620853431e-08,7.954616730848019439e-05
1.838206084671414658e-08,8.059411907457286880e-05
1.871394833036852312e-08,8.165587727832066998e-05
1.905152774300930968e-08,8.273162386430027166e-05
1.939491249327755233e-08,8.382154318167021163e-05
1.974422110383450887e-08,8.492582201658182813e-05
2.009957761125179278e-08,8.604464962507399448e-05
2.046111199657044931e-08,8.717821776646134178e-05
2.082896064865277983e-08,8.832672073722724556e-05
2.120326686258669242e-08,8.949035540543218788e-05
2.158418137554654080e-08,9.066932124564890615e-05
2.197186294266765429e-08,9.186382037443645830e-05
2.236647895565366323e-08,9.307405758636508959e-05
2.276820610700833768e-08,9.430024039060545392e-05
2.317723110296530574e-08,9.554257904809444085e-05
2.359375142838319680e-08,9.680128660929247558e-05
2.401797616707833678e-08,9.807657895254627816e-05
2.445012688128438648e-08,9.936867482307211149e-05
2.489043855415878275e-08,1.006777958725751443e-04
2.533916059949993063e-08,1.020041666995216397e-04
2.579655794309728683e-08,1.033480148900804073e-04
2.626291218041107943e-08,1.047095710597519116e-04
2.673830066230508419e-08,1.060890683577884308e-04
2.722201581051813973e-08,1.074867411035346270e-04
2.771409113403369131e-08,1.089028285230673142e-04
2.821466479133348699e-08,1.103375732462903860e-04
2.872387841284012342e-08,1.117912211032995426e-04
2.924187732878658047e-08,1.132640211669925210e-04
2.976881081593307619e-08,1.147562257962794844e-04
3.030483236453537758e-08,1.162680906799056066e-04
3.085009996706254854e-08,1.177998748808957582e-04
3.140477643026295576e-08,1.193518408816337763e-04
3.196902971228346448e-08,1.209242546295874037e-04
3.254303328666033752e-08,1.225173855836915958e-04
3.312696653512045465e-08,1.241315067614026245e-04
3.372101517125925183e-08,1.257668947864359736e-04
3.432537169729734188e-08,1.274238299372016075e-04
3.494023589626207135e-08,1.291025961959506524e-04
3.556581536209264818e-08,1.308034812986472596e-04
3.620232607033049577e-08,1.325267767855821985e-04
3.684999299222775489e-08,1.342727780527411903e-04
3.750905075529091921e-08,1.360417844039467925e-04
3.817974435346892632e-08,1.378340991037881459e-04
3.886232991040244318e-08,1.396500294313573413e-04
3.955707549936799830e-08,1.414898867348096710e-04
4.026426202378297114e-08,1.433539864867666041e-04
4.098418416238251316e-08,1.452426483405808914e-04
4.171715138343997737e-08,1.471561961874834801e-04
4.246348903267871788e-08,1.490949582146341101e-04
4.323176965630303996e-08,1.510592669348788148e-04
4.363142839479488292e-08,1.530494530781877516e-04
4.352743080544699255e-08,1.550658553111771288e-04
4.353741594160605314e-08,1.571088250798533578e-04
4.382312114550583787e-08,1.591787116813305934e-04
4.428184670560341561e-08,1.612758680268385077e-04
4.490094231416855767e-08,1.634006538171760324e-04
4.566499389124629366e-08,1.655534335552598141e-04
4.655555367310639468e-08,1.677345766150799332e-04
4.755084985089205742e-08,1.699444573119810874e-04
4.862547439271242564e-08,1.721834549743148568e-04
4.975004759744994188e-08,1.744519540165096177e-04
5.089085783853331537e-08,1.767503440136081682e-04
5.200947486056445568e-08,1.790790197773244833e-04
5.306233489067902925e-08,1.814383814336756535e-04
5.402657766539129657e-08,1.838288336214854827e-04
5.499347167162814966e-08,1.862507827002708347e-04
5.597713533436569900e-08,1.887046433766018463e-04
5.697792477122640154e-08,1.911908363356259067e-04
5.799621291035302764e-08,1.937097878344862050e-04
5.903239077262973931e-08,1.962619297783937727e-04
6.008686884989726685e-08,1.988476997979008495e-04
6.116007858571398364e-08,2.014675413274053873e-04
6.225247396562971189e-08,2.041219036849166988e-04
6.336453322438102485e-08,2.068112421531144505e-04
6.449676067788318219e-08,2.095360180617329032e-04
6.564968868839099715e-08,2.122966988713065578e-04
6.682348786416390599e-08,2.150937572492870339e-04
6.801762751427869185e-08,2.179276702851262607e-04
6.923247708426871785e-08,2.207989236964867804e-04
7.046847683544414584e-08,2.237080097697447803e-04
7.172608778212686502e-08,2.266554273150823572e-04
7.300579327119991432e-08,2.296416817558487615e-04
7.430810067978100930e-08,2.326672852193545230e-04
7.563354323907745554e-08,2.357327566291341013e-04
7.698268199299059697e-08,2.388386217987133273e-04
7.835610790058117376e-08,2.419854135269232972e-04
7.975444409208081596e-08,2.451736716947981493e-04
8.117834828874515979e-08,2.484039433641031564e-04
8.262781410509667575e-08,2.516767810327335988e-04
8.410232901733132306e-08,2.549927431452921577e-04
8.560240210506108666e-08,2.583523982077073639e-04
8.712857961028949537e-08,2.617563222944430655e-04
8.868143375180172867e-08,2.652050991174679964e-04
9.026156470451022850e-08,2.686993201311553732e-04
9.186960272665295595e-08,2.722395846388819774e-04
9.350621044492135133e-08,2.758264999013735090e-04
9.517208530823042315e-08,2.794606812468404446e-04
9.686796222152247401e-08,2.831427521829517823e-04
9.859461637171412277e-08,2.868733445106975196e-04
1.003528661234950105e-07,2.906530984398322240e-04
1.021424258510460526e-07,2.944826596573835577e-04
1.039629047675554737e-07,2.983626820945947146e-04
1.058149471715842495e-07,3.022938310580790982e-04
1.076992269666557473e-07,3.062767806745175640e-04
1.096164499112793056e-07,3.103122140118116695e-04
1.115673560379333019e-07,3.144008232022059445e-04
1.135527222525682265e-07,3.185433095674282942e-04
1.155733651269287731e-07,3.227403837459036687e-04
1.176301438967713219e-07,3.269927658220948287e-04
1.197239636798814163e-07,3.313011854580292961e-04
1.218557789286721977e-07,3.356663820270725548e-04
1.240265743901978960e-07,3.400891046888945596e-04
1.262357120554622157e-07,3.445701080765210290e-04
1.284829970713959990e-07,3.491101579807015152e-04
1.307692274914102944e-07,3.537100329553899631e-04
1.330952382968219223e-07,3.583705218809955036e-04
1.354619042061168334e-07,3.630924241066603528e-04
1.378701426949760165e-07,3.678765495948806727e-04
1.403209172414725956e-07,3.727237190685286678e-04
1.428152408117706967e-07,3.776347641603474770e-04
1.453541796026211734e-07,3.826105275649801163e-04
1.479388570579851454e-07,3.876518631936083127e-04
1.505704581782034217e-07,3.927596363312720290e-04
1.532501409247718353e-07,3.979347235453572704e-04
1.559768787388730356e-07,4.031780070122487135e-04
1.587507043686990174e-07,4.084903834243191643e-04
1.615726036394111986e-07,4.138727638563821968e-04
1.644436079222003885e-07,4.193260714717258119e-04
1.673647975926108735e-07,4.248512416890348493e-04
1.703373057480894337e-07,4.304492223520864076e-04
1.733623222024773407e-07,4.361209739022946577e-04
1.764410977762885364e-07,4.418674695541832719e-04
1.795749489028106110e-07,4.476896954738658640e-04
1.827652625713329938e-07,4.535886509606239952e-04
1.860135016301458766e-07,4.595653486316665540e-04
1.893209852465161314e-07,4.656208139966727232e-04
1.926862711313655848e-07,4.717560785106510385e-04
1.961096688540282091e-07,4.779721920564171129e-04
1.995923956381675744e-07,4.842702208104346308e-04
2.031357248727083999e-07,4.906512451035383113e-04
2.067409903700902691e-07,4.971163596170656476e-04
2.104095909434833824e-07,5.036666735822973055e-04
2.141429953247568481e-07,5.103033109832954672e-04
2.179427474463789949e-07,5.170274107632378581e-04
2.218104721118947370e-07,5.238401270343488866e-04
2.257478810811827174e-07,5.307426292915307315e-04
2.297567795983457709e-07,5.377361026298074602e-04
2.338386352332632716e-07,5.448217467579601764e-04
2.379915387804899292e-07,5.520007678260638794e-04
2.422161286453428527e-07,5.592743949626006149e-04
2.465139106907165613e-07,5.666438758538146344e-04
2.508864605971000093e-07,5.741104747580655062e-04
2.553354291586755795e-07,5.816754727361473504e-04
2.598625479758429682e-07,5.893401678855456809e-04
2.644696355712302693e-07,5.971058755787317070e-04
2.691586039579857111e-07,6.049739287056232241e-04
2.739314656909570010e-07,6.129456779203249590e-04
2.787903414333070527e-07,6.210224918922843283e-04
2.837374680731533637e-07,6.292057575619902209e-04
2.887745502459400385e-07,6.374968784861889410e-04
2.938997119652806146e-07,6.458972663034259114e-04
2.991139418429319167e-07,6.544083598417935015e-04
3.044189257822755185e-07,6.630316189057520754e-04
3.098164089574481362e-07,6.717685226558435139e-04
3.153081999044628009e-07,6.806205698749166234e-04
3.208961749217680534e-07,6.895892792387123401e-04
3.265822828018221630e-07,6.986761895909266882e-04
3.323685499166546434e-07,7.078828602228749841e-04
3.382570856818576844e-07,7.172108711578761148e-04
3.442500884250302047e-07,7.266618234404987036e-04
3.503498516863471966e-07,7.362373394307939562e-04
3.564951454475323593e-07,7.459390605992986248e-04
3.571623477542413816e-07,7.557685936209123864e-04
3.558040668419062030e-07,7.657275999168610976e-04
3.606411159720459048e-07,7.758177890740436703e-04
3.670314418349719503e-07,7.860409615530151647e-04
3.735344990842110612e-07,7.963988641658876393e-04
3.801527113856191740e-07,8.068932876925190463e-04
3.869344797528371987e-07,8.175260107117216088e-04
3.887286842469573310e-07,8.282988194134284846e-04
3.891681591743360851e-07,8.392135757323404945e-04
3.935294292784436029e-07,8.502721585863213822e-04
4.003627091777270467e-07,8.614764601461004931e-04
4.087720037182836085e-07,8.728284126295076826e-04
4.177265825367297440e-07,8.843299752565640876e-04
4.260488622843583121e-07,8.959831347355908925e-04
4.335973602267897070e-07,9.077898883437139025e-04
4.412755390729143519e-07,9.197522472488981393e-04
4.490885637199730637e-07,9.318722642556117892e-04
4.570397252266272418e-07,9.441520195117002754e-04
4.651324960849012207e-07,9.565936208599018411e-04
4.733699907197626733e-07,9.691992027470355386e-04
4.817523128078712310e-07,9.819709200460133118e-04
4.902819343504212307e-07,9.949109632291001058e-04
4.989619874457089194e-07,1.008021553449621639e-03
5.077957402205196672e-07,1.021304941467815171e-03
5.167866039857612439e-07,1.034763408062257337e-03
5.259356526525887655e-07,1.048399256680625094e-03
5.352443183222540161e-07,1.062214821411713514e-03
5.447163542697602794e-07,1.076212473853876929e-03
5.543557140105689719e-07,1.090394617237603649e-03
5.641665666524477601e-07,1.104763686875348191e-03
5.741523736934964414e-07,1.119322148098037158e-03
5.843130523432325494e-07,1.134072489137159237e-03
5.946519387364572794e-07,1.149017240276007431e-03
6.051730581040496735e-07,1.164158966869893600e-03
6.158806329407739209e-07,1.179500268459139894e-03
6.267790646863352835e-07,1.195043779158170508e-03
6.378693274529278671e-07,1.210792157874256451e-03
6.491533846439087880e-07,1.226748101550895458e-03
6.606357456316993201e-07,1.242914349916155424e-03
6.723211549538008993e-07,1.259293679308562397e-03
6.842146101999413901e-07,1.275888903203322659e-03
6.963200464366569050e-07,1.292702868841778862e-03
7.086376565108259749e-07,1.309738449802466502e-03
7.211715313417692578e-07,1.326998568831530079e-03
7.339263598694130224e-07,1.344486188754802141e-03
7.469070430879730831e-07,1.362204311855585732e-03
7.601186047891367347e-07,1.380155980135652641e-03
7.735617821398625620e-07,1.398344263368041934e-03
7.872395015979278534e-07,1.416772277781603879e-03
8.011573793951773224e-07,1.435443188089842751e-03
8.153213388764752375e-07,1.454360201335152137e-03
8.297376341475500795e-07,1.473526567500485582e-03
8.444108131284291074e-07,1.492945574209358960e-03
8.593410569170251160e-07,1.512620539944588499e-03
8.745334699899039207e-07,1.532554841360509899e-03
8.899937400926560921e-07,1.552751901120465790e-03
9.057278120635254084e-07,1.573215187538525711e-03
9.217416667038749051e-07,1.593948214617808747e-03
9.380357678568143759e-07,1.614954527913948275e-03
9.546141390972847802e-07,1.636237727181961369e-03
9.714837367887147430e-07,1.657801466543120739e-03
9.886519091902026165e-07,1.679649448843593441e-03
1.006126426813168917e-06,1.701785426346333167e-03
1.025030118194251461e-06,1.724213215315124718e-03
1.040226022081800685e-06,1.746936571410943884e-03
1.042468127942701797e-06,1.769959259731013375e-03
1.040308778217201579e-06,1.793285317935549997e-03
1.044600053030650950e-06,1.816918836077781275e-03
1.054498497797801248e-06,1.840863795179209028e-03
1.068954503459165208e-06,1.865124300180667771e-03
1.087360535456267478e-06,1.889704525598618528e-03
1.109000006531241607e-06,1.914608703192977306e-03
1.133037033866072524e-06,1.939841122916879240e-03
1.158505432573245656e-06,1.965406133893082656e-03
1.184296894928816724e-06,1.991308145418267065e-03
1.209148301608198643e-06,2.017551627996575121e-03
1.231706184237044484e-06,2.044141112098367668e-03
1.253476568209280523e-06,2.071081105737977626e-03
1.275624007366516940e-06,2.098376197588373935e-03
1.298156544803980415e-06,2.126031073827069039e-03
1.321082597249040411e-06,2.154050483142204864e-03
1.344410983064794763e-06,2.182439237623673336e-03
1.368150952332994107e-06,2.211202213670967424e-03
1.392312219157699066e-06,2.240344352918363820e-03
1.416904996339962874e-06,2.269870663177984971e-03
1.441940032583358013e-06,2.299786219401366277e-03
1.467424082927487556e-06,2.330096151348493450e-03
1.493349914189963200e-06,2.360805615280382307e-03
1.519725112428090313e-06,2.391919878739563916e-03
1.546559411054930703e-06,2.423444284604068036e-03
1.573863006546994539e-06,2.455384247093601348e-03
1.601646593285805832e-06,2.487745252792209882e-03
1.629921400980298728e-06,2.520532861690526899e-03
1.658699234845100942e-06,2.553752708248299263e-03
1.687992518720773096e-06,2.587410502477848883e-03
1.717814326636158983e-06,2.621512031006590412e-03
1.748162897744183062e-06,2.656063113133565624e-03
1.779036367850800898e-06,2.691069644659797692e-03
1.810445907461335268e-06,2.726537636978915592e-03
1.842403206295557023e-06,2.762473181751920037e-03
1.874920512280883869e-06,2.798882452058352489e-03
1.908010673444117006e-06,2.835771703569590126e-03
1.941687182898878418e-06,2.873147275745022676e-03
1.975964227138398143e-06,2.911015593051903896e-03
2.010856737856537680e-06,2.949383166209708623e-03
2.046377064922061672e-06,2.988256583616375611e-03
2.082515026622026320e-06,3.027642454376166994e-03
2.119278603551306399e-06,3.067547527821241470e-03
2.156681309069341396e-06,3.107978657966837220e-03
2.194737298790895326e-06,3.148942790451502056e-03
2.233461418970301968e-06,3.190446963859478770e-03
2.272869258473100040e-06,3.232498311069066221e-03
2.312977204578448565e-06,3.275104060627838723e-03
2.353802502871184600e-06,3.318271538155694728e-03
2.395363321498655714e-06,3.362008167776740514e-03
2.437663691517081507e-06,3.406321429784902027e-03
2.480695301758108913e-06,3.451218867092629289e-03
2.524473298905587539e-06,3.496708190168368747e-03
2.569013933694763449e-06,3.542797213653297618e-03
2.614334233340585689e-06,3.589493856742708051e-03
2.660452059890265967e-06,3.636806144701968963e-03
2.707386172891020992e-06,3.684742210412673361e-03
2.755156296665334818e-06,3.733310295950070540e-03
2.803783192504575160e-06,3.782518754192923296e-03
2.853287028337589449e-06,3.832376045479345301e-03
2.903656706163264023e-06,3.882890649600596791e-03
2.954898202288576832e-06,3.934071208655103534e-03
3.007030133386014202e-06,3.985926515327833236e-03
3.060071982481355636e-06,4.038465479960354210e-03
3.114044163883230865e-06,4.091697132259281694e-03
3.168968092931644704e-06,4.145630623038958941e-03
3.224866260892977533e-06,4.200275225999629443e-03
3.281762315349699517e-06,4.255640339542393971e-03
3.339681146454993468e-06,4.311735488622314184e-03
3.398636008823700706e-06,4.368570288643624198e-03
3.458610855994533044e-06,4.426154395047207472e-03
3.519624504488663571e-06,4.484497692865255236e-03
3.581699536461070905e-06,4.543610207590598367e-03
3.644859615570310005e-06,4.603502099025659836e-03
3.709129568456806446e-06,4.664183663245074010e-03
3.774535472252991332e-06,4.725665334598456134e-03
3.841104748534107023e-06,4.787957687754777411e-03
3.908866264144322114e-06,4.851071439789899145e-03
3.977850195497289153e-06,4.915017451608397203e-03
4.048049184962427362e-06,4.979806616729555262e-03
4.119461999804872744e-06,5.045449990683474085e-03
4.192114493043455346e-06,5.111958853695880260e-03
4.266033719291311918e-06,5.179344637109745825e-03
4.341248024903275695e-06,5.247618925594856737e-03
4.417787144819731624e-06,5.316793459402732215e-03
4.495682306562233346e-06,5.386880136668538606e-03
4.574966341865090855e-06,5.457891015761829646e-03
4.655673806457595376e-06,5.529838317687913764e-03
4.737832593812636366e-06,5.602734404320569052e-03
4.821423855440300370e-06,5.676591665399625952e-03
4.906466925471476892e-06,5.751422761407898494e-03
4.992990806589458053e-06,5.827240546049916245e-03
5.081025653682958349e-06,5.904058044314423881e-03
5.170602855855242362e-06,5.981888454903163191e-03
5.261755124544219108e-06,6.060745152704802990e-03
5.354516588173024873e-06,6.140641691315440291e-03
5.448922893777529206e-06,6.221591805607279077e-03
5.545011316085584450e-06,6.303609414347093043e-03
5.636677070209891170e-06,6.386708473880215939e-03
5.653372053435241211e-06,6.470902076722707778e-03
5.634499919225288139e-06,6.556205038618044371e-03
5.653150351340797284e-06,6.642632702012872190e-03
5.716341892758012895e-06,6.730199557691390541e-03
5.809792237042684056e-06,6.818920559805421652e-03
5.925322241483721397e-06,6.908811101050641758e-03
6.053476143419641408e-06,6.999886800527740753e-03
6.183405603565853641e-06,7.092163508729222229e-03
6.302753921904276344e-06,7.185657312521906599e-03
6.413900503204514767e-06,7.280384156824088425e-03
6.526982694250204688e-06,7.376360066262171306e-03
6.642043072827355171e-06,7.473601544109232352e-03
6.759126249676320273e-06,7.572125315474082484e-03
6.878279020026072930e-06,7.671948330601236106e-03
6.999550526278031123e-06,7.773087768241995765e-03
7.122982097776325169e-06,7.875561008628947923e-03
7.248565429784182465e-06,7.979385512016301182e-03
7.376338732237923403e-06,8.084579104377405748e-03
7.506351476683478071e-06,8.191159877910924453e-03
7.638655594124398523e-06,8.299146168254226824e-03
7.773305659783250583e-06,8.408556558122845873e-03
7.910359091416606001e-06,8.519409881029569101e-03
8.049830461990869151e-06,8.631725091895992366e-03
8.191729110318014066e-06,8.745521380996884239e-03
8.336109052978149327e-06,8.860818321508274337e-03
8.483026945104193254e-06,8.977635750137482815e-03
8.632542278287456074e-06,9.095993771078898782e-03
8.784717593111411634e-06,9.215912760057594702e-03
8.939607400947342488e-06,9.337413334080276600e-03
9.097203275374779927e-06,9.460516189370818049e-03
9.257550419702786546e-06,9.585242460527512720e-03
9.420708795951042769e-06,9.711613604032004118e-03
9.586741149893211622e-06,9.839651365339097122e-03
9.755713216079139259e-06,9.969377783219109113e-03
9.927693937914341754e-06,1.010081519419670296e-02
1.010270256226191830e-05,1.023398607981050243e-02
1.028074902921453943e-05,1.036891318261058334e-02
1.046190305112839145e-05,1.050561971680437703e-02
1.064623801336457946e-05,1.064412920977299282e-02
1.083383120158147238e-05,1.078446550666444653e-02
1.102476409896956207e-05,1.092665277523942151e-02
1.121910948141113355e-05,1.107071547299067968e-02
1.141685427076750697e-05,1.121667813422517861e-02
1.161805253259477802e-05,1.136456581530069856e-02
1.182277958638670016e-05,1.151440396245043650e-02
1.203111424587981799e-05,1.166621836485001729e-02
1.224313907612561373e-05,1.182003515979066464e-02
1.245894066943224714e-05,1.197588083796859854e-02
1.267854912058726247e-05,1.213378206498187672e-02
1.290197426674362793e-05,1.229376579244108141e-02
1.312930171214222793e-05,1.245585955373800305e-02
1.336062160530387895e-05,1.262009125496538556e-02
1.359602871246552074e-05,1.278648917984589670e-02
1.383562276604620642e-05,1.295508199555020154e-02
1.407949473689656490e-05,1.312589871711332748e-02
1.432762955748944974e-05,1.329896842600789865e-02
1.458009375078144629e-05,1.347432082803111733e-02
1.483698322767723400e-05,1.365198610428756953e-02
1.509839849489430245e-05,1.383199484324867251e-02
1.536444499653611762e-05,1.401437804694812168e-02
1.563523348073245071e-05,1.419916713731959879e-02
1.591083564119345406e-05,1.438639380076394900e-02
1.619127896401409444e-05,1.457609001512002490e-02
1.647663624178610629e-05,1.476828837079129791e-02
1.676698113915142495e-05,1.496302189220980773e-02
1.706238775094227940e-05,1.516032404222886557e-02
1.736293057101881966e-05,1.536022872820256430e-02
1.767345026016459698e-05,1.556277037746403927e-02
1.786268979867921850e-05,1.576798197419708100e-02
1.782835461069944650e-05,1.597589724560060515e-02
1.778206786747709383e-05,1.618655294562409280e-02
1.792976501783264556e-05,1.639998581728062746e-02
1.822625578716304803e-05,1.661623127731058636e-02
1.859789894192293613e-05,1.683532765260682337e-02
1.897116055216412851e-05,1.705731423737458924e-02
1.930679029819075491e-05,1.728222998850514197e-02
1.964694799239580019e-05,1.751011252068471885e-02
1.999308859926613086e-05,1.774100102575913718e-02
2.034534673639936414e-05,1.797493525693094618e-02
2.070380652242914207e-05,1.821195535057945278e-02
2.106852988734609052e-05,1.845210189829285183e-02
2.143967181200293553e-05,1.869541626659418712e-02
2.181739703785530915e-05,1.894194038596893129e-02
2.220181014693714533e-05,1.919171655540195115e-02
2.259297491758007940e-05,1.944478755281951049e-02
2.299102737754523201e-05,1.970119695699676030e-02
2.339610895754155783e-05,1.996098893669480054e-02
2.380829515979099694e-05,2.022420802153786223e-02
2.422768082523551024e-05,2.049089932885880122e-02
2.465444797863419727e-05,2.076110881986062418e-02
2.508878899123043681e-05,2.103488308077887045e-02
2.553080069417220071e-05,2.131226903729494318e-02
2.598057104173968359e-05,2.159331424189961379e-02
2.643826511977707394e-05,2.187806710311649208e-02
2.690405413168255375e-05,2.216657668164267320e-02
2.737801796924898759e-05,2.245889238121318368e-02
2.786027840819547860e-05,2.275506436495595974e-02
2.835103313894027840e-05,2.305514368781056214e-02
2.885048767889287070e-05,2.335918209325917386e-02
2.935872535437433867e-05,2.366723165817349178e-02
2.987587459093924948e-05,2.397934523866698808e-02
3.040213952689013112e-05,2.429557658173948573e-02
3.093772965310209050e-05,2.461598014525473097e-02
3.148272855429956607e-05,2.494061073787495753e-02
3.203728535083183579e-05,2.526952414759517027e-02
3.260161753353768094e-05,2.560277711207793391e-02
3.317594690094766613e-05,2.594042712565981096e-02
3.376037757031824055e-05,2.628253203004819738e-02
3.435505905778649208e-05,2.662915051772539107e-02
3.496018714092607787e-05,2.698034218614485738e-02
3.559097677198053546e-05,2.733616754166750748e-02
3.624785194294401420e-05,2.769668762687866465e-02
3.639071053528433898e-05,2.806196062588177734e-02
3.663633841353831455e-05,2.843204925926844442e-02
3.733966245867534795e-05,2.880701759516244784e-02
3.799740147968109301e-05,2.918693366942598857e-02
3.866667106393068681e-05,2.957186253571274584e-02
3.934766051244930197e-05,2.996187037316681498e-02
4.004081061357661836e-05,3.035702402868683050e-02
4.074613168180819085e-05,3.075739146225494464e-02
4.146375044661060761e-05,3.116304146944464878e-02
4.219411855371544515e-05,3.157404373639879913e-02
4.293735828900562739e-05,3.199046909824972140e-02
4.369362334008300409e-05,3.241238927646792473e-02
4.446318865530094638e-05,3.283987676346839663e-02
4.524634034705479275e-05,3.327300492484661781e-02
4.604340293016793588e-05,3.371184805255496991e-02
4.685441943267763825e-05,3.415648188786402084e-02
4.768214501979174322e-05,3.460698284605431829e-02
4.805251132294528164e-05,3.506342423347461740e-02
4.789645836791592623e-05,3.552587983455984116e-02
4.850551323401009108e-05,3.599443032558755778e-02
4.938664911964579563e-05,3.646916088057444716e-02
5.025654353405904372e-05,3.695015613915373504e-02
5.114173953833524414e-05,3.743749817951229353e-02
5.204240335792608080e-05,3.793127063526818138e-02
5.295898981296251289e-05,3.843155876085818656e-02
5.389171795377447824e-05,3.893844820668559970e-02
5.484095914707678851e-05,3.945202638482268875e-02
5.580688039085497253e-05,3.997238166160905354e-02
5.678968294820845801e-05,4.049960336433840180e-02
5.778993134064016652e-05,4.103378201851312634e-02
5.880763030139940625e-05,4.157500996744849242e-02
5.984334554980289244e-05,4.212337973064057134e-02
6.081980740026872857e-05,4.267898553693159902e-02
6.084534231372676664e-05,4.324191120248815218e-02
6.089181406283011589e-05,4.381225886554922927e-02
6.168840398776515260e-05,4.439012811197159264e-02
6.288876511337365672e-05,4.497561758602672960e-02
6.420619885930767083e-05,4.556883196066966596e-02
6.537652627290559040e-05,4.616987682506123319e-02
6.652789067655848958e-05,4.677885331041919947e-02
6.769948135973882894e-05,4.739586584692019600e-02
6.889177487495107071e-05,4.802102094038678687e-02
7.010514716766207014e-05,4.865442618576674982e-02
7.133977727166627644e-05,4.929618995065571802e-02
7.259612443582761645e-05,4.994642280812704865e-02
7.387468386400687713e-05,5.060523686881820277e-02
7.517574615667594012e-05,5.127274513643136772e-02
7.649958320483915878e-05,5.194906207864202069e-02
7.784673809277948132e-05,5.263430443023750516e-02
7.921777300966885925e-05,5.332859049657816264e-02
8.061292717412574455e-05,5.403203912927346392e-02
8.203257066917200933e-05,5.474477120050307011e-02
8.347725193233332614e-05,5.546690972950211324e-02
8.494750023088313564e-05,5.619857927713028944e-02
8.644352226545978703e-05,5.693990497235174725e-02
8.796580980966603653e-05,5.769101443329860412e-02
8.951496329952484798e-05,5.845203727355180456e-02
9.109149078156059999e-05,5.922310452768041189e-02
9.269560542561498860e-05,6.000434807810276633e-02
9.432790899587225925e-05,6.079590263061718930e-02
9.598907056402064227e-05,6.159790483188874732e-02
9.767953918753199559e-05,6.241049247372728453e-02
9.939960179117617836e-05,6.323380470977181533e-02
1.011499518848549587e-04,6.406798369541895355e-02
1.029313217276195560e-04,6.491317354548478691e-02
1.047440751070280581e-04,6.576951915335299548e-02
1.065886416724881104e-04,6.663716750043287285e-02
1.084657298685635490e-04,6.751626831197943268e-02
1.103760550421310245e-04,6.840697326279276957e-02
1.123199756967926673e-04,6.930943481742049550e-02
1.142980096571205443e-04,7.022380820822436698e-02
1.163107961381762071e-04,7.115025116480840073e-02
1.184265949301886576e-04,7.208892486184027837e-02
1.203172121840922028e-04,7.303998347940542091e-02
1.206998995770055692e-04,7.400357377649675883e-02
1.202137379745634257e-04,7.497986399543135616e-02
1.201346927087547898e-04,7.596902464662932952e-02
1.215834276128813338e-04,7.697122463158138916e-02
1.239158301377799368e-04,7.798663482800208269e-02
1.261908015330291677e-04,7.901545016135548549e-02
1.284130892766019449e-04,8.005784714836486349e-02
1.306744683239887501e-04,8.111400326917203585e-02
1.329755154361360943e-04,8.218409998236411718e-02
1.353169964213638118e-04,8.326832142128504088e-02
1.376999384469946718e-04,8.436685457121319287e-02
1.401248590477344657e-04,8.547988794253018330e-02
1.425925775402908527e-04,8.660761365749487795e-02
1.451036634017570544e-04,8.775022534041491962e-02
1.476590299151048073e-04,8.890791990942396861e-02
1.502596370556875526e-04,9.008089691374132624e-02
1.529060454697404295e-04,9.126935771237111583e-02
1.555988849091324443e-04,9.247350701109691151e-02
1.583387025570728759e-04,9.369355137057208682e-02
1.611268903819553281e-04,9.492970176056821086e-02
1.639645078188325890e-04,9.618217119128545656e-02
1.668521382759363225e-04,9.745117467289149404e-02
1.697904969147264202e-04,9.873693036821858116e-02
1.727803111647884709e-04,1.000396590560006099e-01
1.758232039320456214e-04,1.013595866560275671e-01
1.789209948319488359e-04,1.026969407781593291e-01
1.820719194728561286e-04,1.040519497696943269e-01
1.848861076716992659e-04,1.054248417371536628e-01
1.846820206490959091e-04,1.068158289635530861e-01
1.844098127767675361e-04,1.082251489288846708e-01
1.873060322114751986e-04,1.096530427310500044e-01
1.906133700269540502e-04,1.110997826744514194e-01
1.939708170329413445e-04,1.125656214293580815e-01
1.973862612300752745e-04,1.140508115285823604e-01
2.008622057704534945e-04,1.155556079186033647e-01
2.043981702031008032e-04,1.170802706380285885e-01
2.079982161116973951e-04,1.186250620759105867e-01
2.116620110194350598e-04,1.201902481648934873e-01
2.153893929623218288e-04,1.217760973071138619e-01
2.191815447257967648e-04,1.233828837984072974e-01
2.230863358104379134e-04,1.250108831169227663e-01
2.235187227169469133e-04,1.266603539867484640e-01
2.257987016415977230e-04,1.283315725347735359e-01
2.299653657488671986e-04,1.300248413562110905e-01
2.340152095638183265e-04,1.317404664759878885e-01
2.381362084378027826e-04,1.334787411435342519e-01
2.423297432147915255e-04,1.352399673463805518e-01
2.465968181815679830e-04,1.370244451133954822e-01
2.509395159862847229e-04,1.388324832647109541e-01
2.553586631995280812e-04,1.406643939252010256e-01
2.598550092099432174e-04,1.425204914611607199e-01
2.644301862468684196e-04,1.444010938622332374e-01
2.690878866886153744e-04,1.463065281175499610e-01
2.738285483765323289e-04,1.482371223799915649e-01
2.775675585900682371e-04,1.501931896562412605e-01
2.769882671233158560e-04,1.521750295786245266e-01
2.765055437658982176e-04,1.541829957534275597e-01
2.802829119074131585e-04,1.562174379994032969e-01
2.857489726094729430e-04,1.582787139570808466e-01
2.907913079257344320e-04,1.603672148800130703e-01
2.959132292746159730e-04,1.624832906248551423e-01
3.011239622612574209e-04,1.646273046863997169e-01
3.064258673853153549e-04,1.667996265283057944e-01
3.118222300540361615e-04,1.690006324000476734e-01
3.173139162209756645e-04,1.712306999199110780e-01
3.229016040959143004e-04,1.734902117226385376e-01
3.285872021301290712e-04,1.757795568512660889e-01
3.343741836659258051e-04,1.780991320913921094e-01
3.402636757357865448e-04,1.804493357814684895e-01
3.462560769905207564e-04,1.828305726369133521e-01
3.523530868024044222e-04,1.852432519409140110e-01
3.585575750638649245e-04,1.876877898614355278e-01
3.648710899369986141e-04,1.901646064923255552e-01
3.712970323814273796e-04,1.926741308341649028e-01
3.778371658623133123e-04,1.952167942608256934e-01
3.844910257424925446e-04,1.977930332851991213e-01
3.912592621440148040e-04,2.004032895726385044e-01
3.976102517332711739e-04,2.030480219617084581e-01
3.970949637248720574e-04,2.057276225136876746e-01
4.034520434636611631e-04,2.084425509232017415e-01
4.098282329283754201e-04,2.111933277683408772e-01
4.095023226729296189e-04,2.139803734483413655e-01
4.161675452242916064e-04,2.168041644336749507e-01
4.234965847090576868e-04,2.196652414868285608e-01
4.309533990315446016e-04,2.225641004513996823e-01
4.385438951481372065e-04,2.255012403178702773e-01
4.462664927607409696e-04,2.284771652502166350e-01
4.541276514580368457e-04,2.314923886659630836e-01
4.621241172039780858e-04,2.345474319526082152e-01
4.702624612849638308e-04,2.376428177071872871e-01
4.785452188375125438e-04,2.407790812941195124e-01
4.847204880611631064e-04,2.439567522215648487e-01
4.852265358931033361e-04,2.471763152042505962e-01
4.937926692312750564e-04,2.504383444996403085e-01
5.024907711775066952e-04,2.537434531656309611e-01
5.113411770545558130e-04,2.570922243301242971e-01
5.203429006926997037e-04,2.604852394631746448e-01
5.294979633018703216e-04,2.639230834422390815e-01
5.388083822765931882e-04,2.674063488515582843e-01
5.482761693360215438e-04,2.709356360819701326e-01
5.579033285645505682e-04,2.745115534319381712e-01
5.676918543493528159e-04,2.781347172098107556e-01
5.776437292110830901e-04,2.818057518373230375e-01
5.877609215239111042e-04,2.855252899543520573e-01
5.980453831209610197e-04,2.892939725249402683e-01
6.084990467811517362e-04,2.931124489445986470e-01
6.191238235933417067e-04,2.969813771489020482e-01
6.299216001936186297e-04,3.009014237233914590e-01
6.408942358714745128e-04,3.048732640147929773e-01
6.520435595405540182e-04,3.088975822435700569e-01
6.633713665695779166e-04,3.129750716178196224e-01
6.748794154689814577e-04,3.171064344485269859e-01
6.865694244287463182e-04,3.212923822661913897e-01
6.984430677028452637e-04,3.255336359388377732e-01
7.105019718356653203e-04,3.298309257914256998e-01
7.227477117257378450e-04,3.341849917266727088e-01
7.351818065220548778e-04,3.385965833473028597e-01
7.478057153482290439e-04,3.430664600797359576e-01
7.606208328497362711e-04,3.475953912992324479e-01
7.736284845594578255e-04,3.521841564565074134e-01
7.868299220767512817e-04,3.568335452058283841e-01
8.002263180552870959e-04,3.615443575346130034e-01
8.138187609949093472e-04,3.663174038945402056e-01
8.276082498328259443e-04,3.711535053341918355e-01
8.415956883294855272e-04,3.760534936332390887e-01
8.557818792445715840e-04,3.810182114381909235e-01
8.701675182986353795e-04,3.860485123997192680e-01
8.847531879160110439e-04,3.911452613115805610e-01
8.995393507447693639e-04,3.963093342511467276e-01
9.145263429496544930e-04,4.015416187215667398e-01
9.297143672741099924e-04,4.068430137955743597e-01
9.451034858677248313e-04,4.122144302609622724e-01
9.606936128756708802e-04,4.176567907677397051e-01
9.764845067869852178e-04,4.231710299769940731e-01
9.924757625388604381e-04,4.287580947114774665e-01
1.008666803374458397e-03,4.344189441079381320e-01
1.025056872452155543e-03,4.401545497712167632e-01
1.041645024204579644e-03,4.459658959301345815e-01
1.058430115446257333e-03,4.518539795951904692e-01
1.075410796229266932e-03,4.578198107180967424e-01
1.092585500446850927e-03,4.638644123531735497e-01
1.109952436185634907e-03,4.699888208206343676e-01
1.127509575827775499e-03,4.761940858717813030e-01
1.145254645905200049e-03,4.824812708561488916e-01
1.163185116708916576e-03,4.888514528906166556e-01
1.181298191657351128e-03,4.953057230305290548e-01
1.199590796428679895e-03,5.018451864428508102e-01
1.218059567863250849e-03,5.084709625813965683e-01
1.236700842643401969e-03,5.151841853641658808e-01
1.255510645759317593e-03,5.219860033528276322e-01
1.274484678770984071e-03,5.288775799343898854e-01
1.293618307877873221e-03,5.358600935051003322e-01
1.312906551809660000e-03,5.429347376566212580e-01
1.332344069553098804e-03,5.501027213645272029e-01
1.351925147932153855e-03,5.573652691791756153e-01
1.371643689060600543e-03,5.647236214190050063e-01
1.391493197688589397e-03,5.721790343663137879e-01
1.411466768467162843e-03,5.797327804655869610e-01
1.431557073157329989e-03,5.873861485244254999e-01
1.451756347813201210e-03,5.951404439171550376e-01
1.472056379971724456e-03,6.029969887911793558e-01
1.492448495884902970e-03,6.109571222761590592e-01
1.512923547833890884e-03,6.190222006960961476e-01
1.533471901568195109e-03,6.271935977844121934e-01
1.554083423917287498e-03,6.354727049021096086e-01
1.574747470626317687e-03,6.438609312591179190e-01
1.595452874472322920e-03,6.523597041389296303e-01
1.616187933722346235e-03,6.609704691266358179e-01
1.636940401000282382e-03,6.696946903404809026e-01
1.657697472635031666e-03,6.785338506670659520e-01
1.678445778568714904e-03,6.874894520003329568e-01
1.699171372910310025e-03,6.965630154844780764e-01
1.719859725227119258e-03,7.057560817609438431e-01
1.740495712674029055e-03,7.150702112196586357e-01
1.761063613068586560e-03,7.245069842546967287e-01
1.781547099028504009e-03,7.340680015245456547e-01
1.801929233297415965e-03,7.437548842171827213e-01
1.822192465394507693e-03,7.535692743201710675e-01
1.842318629734094422e-03,7.635128348960027456e-01
1.862288945372411134e-03,7.735872503629346308e-01
1.882084017550742340e-03,7.837942267815684039e-01
1.901683841216751571e-03,7.941354921474588213e-01
1.921067806719348918e-03,8.046127966900368245e-01
1.940214707886885395e-03,8.152279131781673405e-01
1.959102752713769244e-03,8.259826372326692923e-01
1.977709576896993955e-03,8.368787876461634134e-01
1.996012260481412181e-03,8.479182067106183496e-01
2.013987347891181209e-03,8.591027605530088262e-01
2.031610871644462437e-03,8.704343394795129862e-01
2.048858380069477816e-03,8.819148583287109711e-01
2.065704969362324589e-03,8.935462568342769085e-01
2.082125320350694531e-03,9.053304999976891088e-01
2.098093740352869382e-03,9.172695784715082512e-01
2.113584210548235479e-03,9.293655089538306324e-01
2.128570439304044298e-03,9.416203345945395320e-01
2.143025921933499386e-03,9.540361254140307112e-01
2.156924007392448366e-03,9.666149787351359102e-01
2.170237972456203011e-03,9.793590196290012928e-01
2.182941103954351078e-03,9.922704013757438490e-01
2.195006789680067211e-03,1.005351305940746398e+00
2.206408618631417341e-03,1.018603944467514566e+00
2.217120491285720814e-03,1.032030557788087721e+00
2.227116740654233162e-03,1.045633416952033823e+00
2.236372264913513361e-03,1.059414823775159720e+00
2.244862672461889370e-03,1.073377111409101747e+00
2.252564440304720070e-03,1.087522644933074600e+00
2.259455086730779300e-03,1.101853821969104308e+00
2.265513359304301404e-03,1.116373073322181275e+00
2.270719439263210043e-03,1.131082863646838410e+00
2.275055163484045097e-03,1.145985692141777923e+00
2.278504265248331752e-03,1.161084093274248552e+00
2.281052635123834594e-03,1.176380637536005302e+00
2.282688603357587147e-03,1.191877932232776383e+00
2.283403245266067694e-03,1.207578622309307903e+00
2.283190711201656641e-03,1.223485391212159490e+00
2.282048582773917728e-03,1.239600961792583611e+00
2.279978257109576464e-03,1.255928097251952646e+00
2.276985361046717730e-03,1.272469602132353605e+00
2.273080197276971474e-03,1.289228323355138928e+00
2.268278224574825190e-03,1.306207151310387449e+00
2.262600574385904752e-03,1.323409021000416130e+00
2.256074606186734329e-03,1.340836913240676553e+00
2.248734504177437709e-03,1.358493855921575566e+00
2.240621918026579167e-03,1.376382925334978413e+00
2.231786650554428396e-03,1.394507247569378716e+00
2.222287395417842874e-03,1.412869999977971691e+00
2.212192528047253470e-03,1.431474412724117906e+00
2.201580953284599552e-03,1.450323770408965984e+00
2.190543013380952687e-03,1.469421413786287101e+00
2.179181460234870266e-03,1.488770741569886313e+00
2.167612495987744116e-03,1.508375212339279958e+00
2.155966886341371437e-03,1.528238346549669835e+00
2.144391151226549778e-03,1.548363728652618176e+00
2.133048837730285984e-03,1.568755009334206862e+00
2.122121880484366223e-03,1.589415907877869349e+00
2.111812055030213263e-03,1.610350214659538981e+00
2.102342530005345701e-03,1.631561793783182335e+00
2.093959524346267198e-03,1.653054585865301851e+00
2.086934076072309401e-03,1.674832610977488923e+00
2.081563929606121063e-03,1.696899971756661962e+00
2.078175549000210124e-03,1.719260856693181960e+00
2.077126264876483046e-03,1.741919543607673981e+00
2.078806563348606796e-03,1.764880403327999447e+00
2.083642525686399925e-03,1.788147903578531928e+00
2.092098427999107210e-03,1.811726613094573723e+00
2.104679510761739251e-03,1.835621205975562553e+00
2.121934928587391241e-03,1.859836466291475476e+00
2.144389955892068642e-03,1.884377160368565729e+00
2.169695576126045005e-03,1.909242772776805541e+00
2.196485657481157382e-03,1.934434848313701272e+00
2.224805664591301534e-03,1.959957661867649970e+00
2.254699271493042657e-03,1.985815549109808620e+00
2.286207996118538952e-03,2.012012907889600744e+00
2.319370801405287470e-03,2.038554199697983460e+00
2.354223660595958483e-03,2.065443951202778461e+00
2.390799084143635077e-03,2.092686755860701187e+00
2.429125605470093627e-03,2.120287275610946320e+00
2.469227222646937833e-03,2.148250242655565412e+00
2.511122792880706583e-03,2.176580461332146665e+00
2.554825376482942629e-03,2.205282810084693512e+00
2.600341526793939571e-03,2.234362243538933424e+00
2.647670522303826462e-03,2.263823794688719193e+00
2.696803536975949170e-03,2.293672577200561502e+00
2.747722744524484350e-03,2.323913787843803203e+00
2.800400352129959504e-03,2.354552709054384074e+00
2.854797558792032675e-03,2.385594711640668830e+00
2.910863433217491473e-03,2.417045257640304090e+00
2.968533705822087171e-03,2.448909903337657568e+00
3.027729469086347294e-03,2.481194302451943390e+00
3.088355780146977061e-03,2.513904209506804488e+00
3.150300159125474491e-03,2.547045483392739396e+00
3.213430976293213566e-03,2.580624091134495757e+00
3.277595720745841382e-03,2.614646111876266499e+00
3.342619142808389912e-03,2.649117741098336420e+00
3.408301261914222380e-03,2.684045295079620530e+00
3.474415231194554615e-03,2.719435215621460511e+00
3.540705049479048357e-03,2.755294075048940527e+00
3.606883110840156028e-03,2.791628581506977902e+00
3.672666622100199257e-03,2.828445514408277628e+00
3.739171227491159925e-03,2.865749227623806572e+00
3.807066450399869319e-03,2.903544978784021957e+00
3.876380661582613796e-03,2.941839267263051116e+00
3.947142462282948738e-03,2.980638679858862439e+00
4.019380652772026885e-03,3.019949892117277379e+00
4.093124197562847226e-03,3.059779669686803150e+00
4.168402187056239293e-03,3.100134869705603258e+00
4.245243795360744386e-03,3.141022442221995892e+00
4.323678234012285314e-03,3.182449431649970073e+00
4.403734701301854557e-03,3.224422978261251682e+00
4.485442326901169403e-03,3.266950319715586026e+00
4.568830111456494494e-03,3.310038792630974669e+00
4.653926860800159521e-03,3.353695834195698833e+00
4.740761114407248018e-03,3.397928983824086480e+00
4.829361067701648871e-03,3.442745884858074756e+00
4.919754487790970084e-03,3.488154286316753172e+00
5.011968622183652147e-03,3.534162044696184335e+00
5.106030100013900924e-03,3.580777125821941631e+00
5.201964825270766549e-03,3.628007606756940451e+00
5.299797861496579124e-03,3.675861677767293223e+00
5.399553307387086783e-03,3.724347644349073061e+00
5.501255922879457784e-03,3.773473915663742240e+00
5.604987193006086450e-03,3.823248590163868865e+00
5.710813907756235111e-03,3.873680047925098791e+00
5.818780299557806471e-03,3.924776974923718686e+00
5.928931586359435096e-03,3.976548174466672414e+00
6.041313997534021075e-03,4.029002568992939182e+00
6.155974800758087263e-03,4.082149201917890657e+00
6.272962329919148407e-03,4.135997239522471780e+00
6.392326014106581612e-03,4.190555972889175251e+00
6.514116407744866867e-03,4.245834819886889377e+00
6.638385221931691893e-03,4.301843327206802847e+00
6.765185357047336090e-03,4.358591172451713014e+00
6.894570936705739055e-03,4.416088166281159744e+00
7.026597343122131280e-03,4.474344254615000516e+00
7.161321253976624460e-03,4.533369520898174798e+00
7.298800680858125341e-03,4.593174188429524740e+00
7.439095009378098727e-03,4.653768622757782580e+00
7.582264074344859280e-03,4.715163327238069968e+00
7.728319833313582188e-03,4.777368574897312037e+00
7.877301207495515309e-03,4.840394890850982179e+00
8.029279351267765152e-03,4.904253143973996920e+00
8.184328268291693811e-03,4.968954350486092686e+00
8.342524984907079971e-03,5.034509676243928311e+00
8.503949735145859348e-03,5.100930439089324864e+00
8.668686158120527188e-03,5.168228111256111923e+00
8.836821508588867113e-03,5.236414321838188890e+00
9.008446881546559523e-03,5.305500859321571561e+00
9.183657451751375475e-03,5.375499674183323862e+00
9.362552729138736915e-03,5.446422881560451401e+00
9.545236831147130632e-03,5.518282763992071516e+00
9.731818773034367140e-03,5.591091774238202028e+00
9.922412932601045246e-03,5.664862524457435100e+00
1.011712866230080575e-02,5.739607418099451408e+00
1.031603711905021772e-02,5.815339190283483894e+00
1.051919991675341094e-02,5.892070914377086410e+00
1.072667635122566236e-02,5.969815841365300635e+00
1.093852305644558293e-02,6.048587402631818932e+00
1.115479363348303304e-02,6.128399212809061858e+00
1.137553825027473250e-02,6.209265072700153709e+00
1.160080321030695222e-02,6.291198972276098367e+00
1.183063048814482661e-02,6.374215093751460337e+00
1.206505722962186201e-02,6.458327814742239603e+00
1.230411521436882392e-02,6.543551711509687507e+00
1.254781837829556379e-02,6.629901507575129749e+00
1.279614543341026783e-02,6.717391738946505875e+00
1.304923962128740587e-02,6.806037435480375208e+00
1.330728426546135511e-02,6.895853917684646284e+00
1.357047740088857500e-02,6.986856715147017560e+00
1.383903297320773079e-02,7.079061569872055593e+00
1.411318212458923665e-02,7.172484439704397197e+00
1.439317457186822802e-02,7.267141501841951623e+00
1.467928008300728449e-02,7.363049156443282506e+00
1.497179005830729867e-02,7.460224030333471923e+00
1.527101995255689473e-02,7.558682965162991430e+00
1.557723791075794201e-02,7.658442647163187900e+00
1.589048082969037740e-02,7.759520163618114807e+00
1.621072569481282061e-02,7.861932994326878976e+00
1.653792740992944890e-02,7.965698857616822615e+00
1.687201659319815042e-02,8.070835714137505335e+00
1.721289720839523987e-02,8.177361770751547354e+00
1.756044402057287124e-02,8.285295484526823628e+00
1.791449986457627902e-02,8.394655566834542171e+00
1.827486682443468097e-02,8.505460972168197742e+00
1.864134039413090776e-02,8.617730532776825214e+00
1.901423441293863606e-02,8.731483515062762990e+00
1.939403823665824395e-02,8.846739608895404672e+00
1.978129614126110727e-02,8.963518773755513536e+00
2.017661209070175168e-02,9.081841243087744431e+00
2.058065485229783331e-02,9.201727528767875697e+00
2.099416348251838607e-02,9.323198425690035762e+00
2.141795154432751813e-02,9.446275007090997988e+00
2.185257226017527088e-02,9.570978260845619090e+00
2.229784996650642503e-02,9.697329592118055785e+00
2.275344787089815524e-02,9.825350881299959482e+00
2.321895317430559130e-02,9.955064308145034957e+00
2.369386995528616549e-02,1.008649235657113152e+01
2.417761152969414087e-02,1.021965781958698649e+01
2.466949225139207155e-02,1.035458380434934256e+01
2.516902230480615177e-02,1.049129350594392918e+01
2.567676345876172481e-02,1.062981028990844301e+01
2.619354575860672815e-02,1.077015815289653133e+01
2.672029812202210766e-02,1.091236142312099844e+01
2.725805825141634428e-02,1.105644476280370014e+01
2.780798205883701357e-02,1.120243317361016899e+01
2.837132092328117222e-02,1.135035198448866289e+01
2.894831678806195074e-02,1.150022647895372963e+01
2.953857629853874969e-02,1.165208247834077326e+01
3.014178181950362759e-02,1.180594631544295403e+01
3.075753764130583628e-02,1.196184468485891550e+01
3.138536266986088896e-02,1.211980464890058151e+01
3.202469741211524945e-02,1.227985363881842851e+01
3.267610932762646941e-02,1.244201910684360968e+01
3.334027539705337190e-02,1.260632895979038715e+01
3.401732165786605644e-02,1.277281168849150816e+01
3.470736450022141040e-02,1.294149617369035710e+01
3.541050961244308903e-02,1.311241169227829317e+01
3.612673440683236703e-02,1.328558786342523135e+01
3.685560610723014746e-02,1.346105433908590143e+01
3.759784812706062906e-02,1.363884147840776784e+01
3.835447084792099892e-02,1.381898013232970612e+01
3.912659526066978449e-02,1.400150157544354101e+01
3.991547515641044597e-02,1.418643750208379828e+01
4.072232892476147781e-02,1.437381966463292216e+01
4.154653990817810255e-02,1.456368039574015683e+01
4.238683050983928224e-02,1.475605264859379773e+01
4.324170995339481766e-02,1.495096982884521353e+01
4.410947573562655488e-02,1.514846578276679701e+01
4.498957536210553693e-02,1.534857443445805814e+01
4.588359597691512443e-02,1.555133035563233790e+01
4.679351436281611182e-02,1.575676873492701091e+01
4.772155532539668066e-02,1.596492524266881574e+01
4.866970270639037199e-02,1.617583592608648502e+01
4.963730329006763031e-02,1.638953700153953008e+01
5.062359655593400010e-02,1.660606553491479076e+01
5.162779068858400905e-02,1.682545913919356551e+01
5.264900509441229615e-02,1.704775592574194931e+01
5.368766135284740171e-02,1.727299413032273279e+01
5.474436217928315557e-02,1.750121269086646336e+01
5.581940555388625880e-02,1.773245122421370823e+01
5.691308787867505742e-02,1.796674988452181054e+01
5.802499525902719141e-02,1.820414904585464200e+01
5.915558229771737675e-02,1.844468970952298648e+01
6.030605940424755423e-02,1.868841362510324089e+01
6.147777564845884057e-02,1.893536309861035960e+01
6.267169368904841609e-02,1.918558062525822905e+01
6.388691453311313995e-02,1.943910950182786124e+01
6.512199178041459813e-02,1.969599381436465535e+01
6.637579345497780781e-02,1.995627818045991830e+01
6.764996036254286582e-02,2.022000735224700563e+01
6.894302049496248141e-02,2.048722704813192408e+01
7.025256156035621091e-02,2.075798370170073426e+01
7.157502850932792593e-02,2.103232412693153108e+01
7.291206832156403583e-02,2.131029562118933640e+01
7.427048795526602909e-02,2.159194642259415531e+01
7.565705991439687639e-02,2.187732534564264952e+01
7.707059051648963710e-02,2.216648151347949636e+01
7.850758459303011638e-02,2.245946509657431989e+01
7.996468186280732138e-02,2.275632699595138675e+01
8.144315619596939615e-02,2.305711835145210742e+01
8.294210864071051292e-02,2.336189122173976784e+01
8.445858910580125722e-02,2.367069853276723990e+01
8.598945826152167016e-02,2.398359353340286404e+01
8.753858731921063119e-02,2.430063032395003120e+01
8.911271785604495121e-02,2.462186394285799196e+01
9.071379936735279870e-02,2.494734956040267093e+01
9.233872979854743090e-02,2.527714379089901087e+01
9.398491109582934877e-02,2.561130456075986217e+01
9.565258006517457501e-02,2.594988991894871333e+01
9.734117838207112516e-02,2.629295748329699833e+01
9.904871053333712261e-02,2.664056544895363388e+01
1.007739683463290264e-01,2.699277371744912557e+01
1.025219201643420008e-01,2.734964408651681467e+01
1.042971293617186712e-01,2.771123876771326522e+01
1.060971425851648664e-01,2.807761983477989531e+01
1.079180394989111419e-01,2.844885089113502374e+01
1.097589972201251374e-01,2.882499592829374890e+01
1.116202272974832627e-01,2.920611993216370905e+01
1.135011838790764560e-01,2.959228876268058528e+01
1.154013968880653607e-01,2.998356894063344313e+01
1.173199333626800261e-01,3.038002849684599838e+01
1.192543526974865209e-01,3.078173571103486239e+01
1.212104187084676044e-01,3.118876006418199154e+01
1.231936551864368234e-01,3.160117183260911489e+01
1.251996290949687340e-01,3.201904213863485893e+01
1.272223409711254472e-01,3.244244336348124591e+01
1.292626128147770781e-01,3.287144834629405921e+01
1.313274048330395627e-01,3.330613136095045945e+01
1.334177054218550762e-01,3.374656714879597530e+01
1.355187021102316758e-01,3.419283212519130188e+01
1.376232598189464640e-01,3.464500310389409066e+01
1.397485728112305425e-01,3.510315829546298971e+01
1.419011221080999363e-01,3.556737657424056209e+01
1.440737838474721866e-01,3.603773817445296856e+01
1.462638261570806397e-01,3.651432408832802423e+01
1.484726825656757510e-01,3.699721661651003757e+01
1.507011872380409345e-01,3.748649878300643223e+01
1.529577425238221045e-01,3.798225565398387715e+01
1.553472570494925098e-01,3.848457412121136656e+01
1.571801996337688634e-01,3.899353223667535673e+01
1.581472037942519560e-01,3.950921454843709313e+01
1.598083382013523457e-01,4.003171552823815205e+01
1.622295567342858513e-01,4.056112531278542832e+01
1.645684340130689760e-01,4.109754013050473986e+01
1.669021981535379617e-01,4.164105145206674052e+01
1.692445454545368488e-01,4.219175218375623615e+01
1.715970350895349994e-01,4.274973785954134797e+01
1.739576254005683886e-01,4.331510491722848144e+01
1.763393388128065842e-01,4.388794982817753976e+01
1.787410351804676611e-01,4.446837130692956919e+01
1.811553117935072177e-01,4.505647164338321886e+01
1.835765103101084650e-01,4.565234989942723587e+01
1.859993636778413395e-01,4.625610723475558217e+01
1.884395478623916431e-01,4.686785072926677742e+01
1.908935560945411725e-01,4.748768485155353147e+01
1.933574489321465140e-01,4.811571530136355790e+01
1.958317053592376067e-01,4.875205096571546903e+01
1.983156325515249563e-01,4.939680138010763955e+01
2.008083101673213411e-01,5.005007769123193384e+01
2.033161155906361428e-01,5.071199132004058185e+01
2.058319214063565605e-01,5.138265655527443698e+01
2.083491767172381826e-01,5.206218919584720339e+01
2.108808257983721679e-01,5.275070591695808986e+01
2.134204399440567390e-01,5.344832524919313244e+01
2.159656622507911961e-01,5.415516760954994879e+01
2.185162279383464079e-01,5.487135559626097603e+01
2.210708409466980995e-01,5.559700981435997846e+01
2.236343650639998903e-01,5.633225635358868288e+01
2.262055729187291697e-01,5.707722165314699936e+01
2.287786312678270206e-01,5.783203314315808541e+01
2.313529151541441342e-01,5.859682359224183301e+01
2.339336857271229475e-01,5.937172093496328529e+01
2.365281841088039683e-01,6.015686109547684168e+01
2.391248350820338875e-01,6.095237888967157858e+01
2.417064208163065275e-01,6.175840880463267979e+01
2.442950829866042672e-01,6.257509220036014597e+01
2.469289890279769417e-01,6.340256714941414629e+01
2.484965503304322754e-01,6.424094690674026253e+01
2.486139333354788761e-01,6.509036616358315541e+01
2.482348590881754413e-01,6.595098605781478796e+01
2.484677294958301252e-01,6.682297215836203463e+01
2.504736199017216780e-01,6.770649150996415244e+01
2.534173130031562859e-01,6.860168759986540010e+01
2.562725724485155343e-01,6.950871460012018588e+01
2.591274921430906653e-01,7.042772732982992068e+01
2.619717828768000079e-01,7.135888275422261984e+01
2.648050594903145760e-01,7.230234125527609024e+01
2.676227946419721948e-01,7.325826310929313934e+01
2.704061461447846426e-01,7.422681974996528709e+01
2.731621785193473761e-01,7.520816801826063625e+01
2.758742670717698742e-01,7.620247514886450801e+01
2.785147611163059644e-01,7.720991974222027920e+01
2.810681579588700241e-01,7.823066213065996521e+01
2.835273506021641077e-01,7.926488577616447628e+01
2.858360988800991986e-01,8.031276376393948624e+01
2.879769699459392984e-01,8.137447578249548030e+01
2.898328335005362910e-01,8.245020840432250964e+01
2.916676550198081252e-01,8.353954379218514248e+01
2.932085626262707079e-01,8.464212754000882910e+01
2.945632653471599860e-01,8.575820930368718109e+01
2.958714827253953739e-01,8.688806301985364655e+01
2.972927023565900551e-01,8.803198267894057949e+01
2.990079255906592515e-01,8.919028406315270274e+01
3.012215398576951197e-01,9.036330661382847040e+01
3.041633258854460897e-01,9.155141543680772998e+01
3.080906085825787510e-01,9.275500345495642307e+01
3.132905608985951940e-01,9.397449371756955827e+01
3.200826705395244942e-01,9.521034187697114248e+01
3.288213800201289505e-01,9.646303884326800926e+01
3.398989111702612753e-01,9.773311362888743759e+01
3.537482858871938141e-01,9.902113639524191058e+01
3.708465556393629181e-01,1.003277217146205800e+02
3.917182122401446920e-01,1.016535319274457976e+02
4.163933446721765352e-01,1.029985592404407555e+02
4.433228212990700245e-01,1.043617403353550372e+02
4.720709277457859621e-01,1.057429453491091635e+02
5.027056687074057395e-01,1.071427951910428931e+02
5.353120523043560786e-01,1.085615817580305418e+02
5.700877750792986420e-01,1.099995467829527200e+02
6.071583698856091171e-01,1.114569638251344372e+02
6.466818159118807863e-01,1.129341025677686048e+02
6.887871021953315687e-01,1.144312560189149366e+02
7.336168127161105668e-01,1.159487168537769577e+02
7.813106854139720836e-01,1.174867905160635217e+02
8.320186791161389150e-01,1.190457814049337060e+02
8.858893413710939857e-01,1.206260079813000630e+02
9.430825131333482325e-01,1.222277877199582292e+02
1.003758743021153421e+00,1.238514495584994108e+02
1.068086534189570891e+00,1.254973271952536322e+02
1.136245269597922603e+00,1.271657592931011465e+02
1.208410439473065923e+00,1.288570962952823891e+02
1.284779310296804367e+00,1.305716881224683164e+02
1.365540069764513476e+00,1.323099007461373731e+02
1.450905377515061101e+00,1.340720989810756123e+02
1.541083705802035020e+00,1.358586618693880439e+02
1.636299200705875423e+00,1.376699725580670020e+02
1.736786264528724866e+00,1.395064219452993086e+02
1.842781528539826352e+00,1.413684135264865631e+02
1.954546057049383556e+00,1.432563523147734088e+02
2.072333426822038138e+00,1.451706598200202052e+02
2.196427923494243206e+00,1.471117587086516778e+02
2.327112558781974982e+00,1.490800885224840044e+02
2.464691646283003745e+00,1.510760930075993258e+02
2.609479768339065142e+00,1.531002266708367188e+02
2.761805268501322352e+00,1.551529578379449958e+02
2.922018109981496803e+00,1.572347590558075581e+02
3.090475752729895387e+00,1.593461219842443484e+02
3.267561639685268915e+00,1.614875406187189526e+02
3.453669190218934038e+00,1.636595281255199552e+02
3.649218390433241588e+00,1.658626049843675219e+02
3.854645041315296616e+00,1.680973062118618486e+02
4.070409063362992796e+00,1.703641812793040629e+02
4.296987759100753479e+00,1.726637870627837970e+02
4.534888236245986803e+00,1.749967038753698034e+02
4.784633945946620948e+00,1.773635157207378370e+02
5.046782368840384336e+00,1.797648314504470761e+02
5.321911397784568010e+00,1.822012681239011158e+02
5.610629261268805124e+00,1.846734628476807814e+02
5.913575876364463468e+00,1.871820700299097382e+02
6.231408997272706252e+00,1.897277544421782522e+02
6.564836670996399448e+00,1.923112113583221969e+02
6.914575786519139733e+00,1.949331398910348128e+02
7.281400568259740247e+00,1.975942731950295297e+02
7.666096833064207416e+00,2.002953518498416372e+02
8.069498253459773451e+00,2.030371445451460772e+02
8.492468772709480973e+00,2.058204416466752491e+02
8.935905922483527775e+00,2.086460491044012997e+02
9.400749817065152669e+00,2.115148020357464702e+02
9.887969384682039120e+00,2.144275473370363159e+02
1.039857897702371758e+01,2.173851924735837997e+02
1.093362075260645483e+01,2.203886339298139490e+02
1.149417914768959648e+01,2.234388047312810386e+02
1.208136024877631876e+01,2.265366673438929581e+02
1.269633732808853210e+01,2.296832067747919837e+02
1.334026471435438665e+01,2.328794497391327809e+02
1.401440572685845432e+01,2.361264344647899236e+02
1.471995810277824646e+01,2.394252490208786810e+02
1.545824687021512389e+01,2.427769946466996771e+02
1.623055420401029991e+01,2.461828203330391887e+02
1.703820321122840653e+01,2.496438966414343383e+02
1.788261121085374938e+01,2.531614316033230807e+02
1.876504520094264095e+01,2.567366692463452864e+02
1.968705004614891863e+01,2.603708859476760153e+02
2.064986667104987461e+01,2.640653949731467378e+02
2.165507889410558562e+01,2.678215448234118981e+02
2.270398854442388981e+01,2.716407184124841478e+02
2.379807503872109464e+01,2.755243371594328892e+02
2.493887018833446589e+01,2.794738719715214756e+02
2.612760461246055854e+01,2.834908033923414337e+02
2.736600675912857739e+01,2.875766897082397691e+02
2.865515674279658498e+01,2.917330789774499635e+02
2.999682199768793467e+01,2.959616142930051979e+02
3.139211903805511739e+01,3.002639285649540852e+02
3.284259215155911704e+01,3.046417230446886037e+02
3.434966960287788851e+01,3.090967410236336832e+02
3.591445918195997677e+01,3.136307226036045108e+02
3.753871244133312501e+01,3.182455427451710648e+02
3.922322352948160784e+01,3.229429812613449826e+02
4.096982228642485779e+01,3.277250144674974877e+02
4.277929966187651445e+01,3.325935087015979548e+02
4.465321378437842270e+01,3.375504878871935261e+02
4.659273933623455122e+01,3.425979758267893658e+02
4.859886727306651721e+01,3.477379830745674099e+02
5.067321108710475386e+01,3.529727150466562762e+02
5.281633345667296453e+01,3.583041856841462049e+02
5.503000537517247182e+01,3.637347355047924680e+02
5.731474584207706613e+01,3.692664546062271711e+02
5.967208783666414718e+01,3.749017247237835591e+02
6.210292368740967106e+01,3.806428328942269559e+02
6.460823545449588323e+01,3.864921079752366495e+02
6.718942613263385510e+01,3.924521009764529822e+02
6.984699980770049876e+01,3.985250510322308628e+02
7.258258427390647682e+01,4.047136823523260887e+02
7.539661515417807891e+01,4.110203303953850877e+02
7.829057640155949116e+01,4.174477690911193690e+02
8.126521651673735391e+01,4.239985454760508219e+02
8.432157861214197681e+01,4.306753380943031857e+02
8.746086899931192704e+01,4.374810298392994810e+02
9.068373901934272396e+01,4.444181705082956455e+02
9.399164719976114668e+01,4.514898900933723098e+02
9.738515784846427437e+01,4.586987735232746104e+02
1.008656815587259956e+02,4.660480254061108099e+02
1.044340092492801375e+02,4.735404723349840879e+02
1.080912866831677377e+02,4.811791997082615353e+02
1.118386247349946103e+02,4.889674353616008489e+02
1.156769278802930216e+02,4.969080814549521961e+02
1.196075036819444080e+02,5.050046881142752113e+02
1.236312252790125115e+02,5.132601475207310386e+02
1.277494125150819428e+02,5.216781264534824913e+02
1.319630477251622551e+02,5.302617681405804433e+02
1.362733812082782947e+02,5.390146213209835651e+02
1.406815510093431669e+02,5.479402784453259301e+02
1.451887687358654944e+02,5.570420658699506475e+02
1.497962485606379346e+02,5.663239732782752753e+02
1.545052407949959559e+02,5.757892805607625633e+02
1.593169865479388818e+02,5.854421473234503992e+02
1.642328090659913187e+02,5.952860852263679590e+02
1.692540226139217054e+02,6.053251592890079564e+02
1.743818953769784628e+02,6.155633533943362181e+02
1.796179431744762951e+02,6.260045049007636635e+02
1.849633622294855400e+02,6.366530714241584974e+02
1.904198252238879263e+02,6.475128059798628328e+02
1.959885147026337222e+02,6.585883949029536097e+02
2.016711529837231183e+02,6.698837820256302393e+02
2.074691104411228650e+02,6.814036143417383755e+02
2.133839179050177393e+02,6.931523326024923790e+02
2.194173305862987320e+02,7.051343555649666541e+02
2.255706011016245895e+02,7.173546424020544237e+02
2.318458333370749074e+02,7.298174999335236635e+02
2.382441933657691209e+02,7.425281834801980949e+02
2.447678717876221981e+02,7.554911939102851193e+02
2.514182638433598811e+02,7.687118031601165740e+02
2.581972340322786863e+02,7.821949620092660780e+02
2.651067553933974636e+02,7.959457606349473053e+02
2.721482395954838012e+02,8.099697088998386789e+02
2.793241988043822630e+02,8.242717801119496244e+02
2.866358326262671312e+02,8.388578432644242184e+02
2.940857897172887760e+02,8.537330292049135778e+02
3.016755105138773274e+02,8.689033032704088555e+02
3.094073164404085219e+02,8.843742354018188507e+02
3.172833334090962012e+02,9.001516733644220949e+02
3.253052190002342172e+02,9.162417567515270775e+02
3.334758573085915145e+02,9.326501992871801576e+02
3.417965446872190114e+02,9.493835375894857407e+02
3.502704467573415741e+02,9.664477028507185423e+02
3.588990515500955780e+02,9.838493960599192860e+02
3.676851671677497393e+02,1.001594890332787600e+03
3.766310568073255922e+02,1.019690856536692991e+03
3.857387069188376358e+02,1.038144123398520151e+03
3.950113852848533611e+02,1.056961356520665959e+03
4.044505656236725599e+02,1.076149851460771742e+03
4.140599027906023366e+02,1.095716347450555304e+03
4.238409725737542431e+02,1.115668368333056833e+03
4.337971204397640008e+02,1.136013066024227783e+03
4.439307579787144391e+02,1.156758035372172117e+03
4.542443178863103412e+02,1.177910951921589458e+03
4.647413822513904620e+02,1.199479426357008151e+03
4.754236761132101492e+02,1.221471573033614050e+03
4.862953446103002193e+02,1.243895210071895917e+03
4.973581099900907816e+02,1.266758746319120974e+03
5.086159540769596674e+02,1.290070319689106327e+03
5.200714128111179662e+02,1.313838531796088091e+03
5.317274330884116580e+02,1.338072023444388151e+03
5.435879047700434512e+02,1.362779524624286751e+03
5.556548982819817866e+02,1.387970094364098713e+03
5.679330498969380869e+02,1.413652691004825783e+03
5.804242854686314104e+02,1.439836715061965151e+03
5.931332690888650632e+02,1.466531554331223788e+03
6.060626769247675156e+02,1.493746866065903987e+03
6.192160434370905477e+02,1.521492360135125409e+03
6.325975954472609146e+02,1.549778062597590178e+03
6.462098743674168873e+02,1.578614132658787639e+03
6.600579924830408345e+02,1.608010857779314620e+03
6.741441401871076096e+02,1.637978723220595612e+03
6.884736196363218141e+02,1.668528409607714366e+03
7.030493371234447295e+02,1.699670808230061766e+03
7.178756219325136954e+02,1.731417006888663991e+03
7.329568962812425070e+02,1.763778327328931937e+03
7.482962136283626933e+02,1.796766127177879525e+03
7.638993181174650999e+02,1.830392316834291705e+03
7.797687640004832019e+02,1.864668620913939776e+03
7.959104849087294724e+02,1.899607261790020630e+03
8.123276545953864343e+02,1.935220433915538251e+03
8.290254798762567816e+02,1.971520732409888524e+03
8.460086163493464255e+02,2.008521012313182837e+03
8.632807613352908902e+02,2.046234093411138019e+03
8.808482109124008730e+02,2.084673542988751706e+03
8.987139827606317795e+02,2.123852475689034691e+03
9.168848196971603102e+02,2.163784946399332966e+03
9.353641929066615148e+02,2.204484591720504341e+03
9.541581820355445416e+02,2.245965777008309942e+03
9.732717476643432519e+02,2.288243027930528115e+03
9.927093441394712272e+02,2.331330878852530077e+03
1.012477873020490620e+03,2.375244692188721729e+03
1.032580932691545968e+03,2.419999146683024264e+03
1.053025986826366307e+03,2.465610425431055319e+03
1.073816923369736742e+03,2.512093783054771848e+03
1.094960840349416912e+03,2.559465702320597302e+03
1.116463074513334050e+03,2.607742437127344147e+03
1.138329005275179725e+03,2.656940394024919442e+03
1.160566055153227580e+03,2.707077148918691364e+03
1.183178501884785192e+03,2.758169223403435353e+03
1.206174780624161031e+03,2.810235078243961652e+03
1.229559250448761986e+03,2.863291768577078983e+03
1.253339911167096261e+03,2.917358117776619565e+03
1.277522585243649928e+03,2.972452404200824276e+03
1.302113705045592269e+03,3.028593365749608893e+03
1.327121368554311857e+03,3.085800825645456371e+03
1.352550722096543723e+03,3.144093380911361237e+03
1.378410955650959295e+03,3.203492128173951187e+03
1.404707062892814747e+03,3.264016157633238436e+03
1.431448242774144092e+03,3.325686987461328044e+03
1.458640864108891492e+03,3.388525130938910024e+03
1.486292647413704799e+03,3.452552094357931765e+03
1.514412149644097553e+03,3.517790080862038849e+03
1.543005418427589120e+03,3.584260034978620752e+03
1.572082811872088087e+03,3.651986114192704008e+03
1.601650078509285095e+03,3.720989733810589769e+03
1.631717533615704269e+03,3.791295563156413664e+03
1.662292159781184637e+03,3.862926456140888149e+03
1.693383003316255781e+03,3.935906901694851058e+03
1.724999391589395827e+03,4.010261946088978220e+03
1.757148580929102536e+03,4.086015356775126747e+03
1.789841836353970166e+03,4.163194539787977192e+03
1.823085817862877548e+03,4.241823566010070863e+03
1.856892303886956597e+03,4.321930863387051431e+03
1.891268956402793037e+03,4.403541828713471659e+03
1.926226269326731426e+03,4.486684224141064078e+03
1.961774362955531842e+03,4.571386413600215747e+03
1.997921877512169431e+03,4.657675629703358027e+03
2.034681103590715338e+03,4.745582608129646360e+03
2.072059769407945623e+03,4.835134397045469086e+03
2.110071256033000282e+03,4.926363427645918819e+03
2.148724057554208230e+03,5.019298143791506845e+03
2.188030222115327888e+03,5.113970514631389960e+03
2.228000763137208651e+03,5.210412175628092882e+03
2.268645861152981524e+03,5.308654144434216505e+03
2.309979158375136649e+03,5.408731274093578577e+03
2.352009677396414190e+03,5.510674097122890089e+03
2.394751992203017835e+03,5.614519325205477799e+03
2.438215767260636312e+03,5.720298881392282055e+03
2.482415235783800654e+03,5.828049747885578654e+03
2.527362252660494050e+03,5.937807049024416301e+03
2.573068684893124555e+03,6.049606100597423392e+03
2.619549442722402091e+03,6.163486209025566495e+03
2.666815021090556911e+03,6.279481913698565222e+03
2.714881888796589465e+03,6.397634845415375821e+03
2.763760902792532761e+03,6.517980840042113414e+03
2.813468087446256050e+03,6.640562697148393454e+03
2.864016608071861356e+03,6.765419368810807100e+03
2.915420491863328152e+03,6.892591094236886420e+03
2.967695936981556770e+03,7.022121920688933642e+03
3.020855132663487893e+03,7.154050930868623254e+03
3.074916454338795575e+03,7.288425944123097906e+03
3.129892243257558221e+03,7.425287040197348688e+03
